DeliveryPartnerID,Name,Age,Gender,VehicleType,JoiningDate,City,Rating,CompletedDeliveries,AverageDeliveryTime,JoiningDateCleanAmbiguousFlag,JoiningDateCleanParseFailedFlag,JoiningDateCleanParseFormat
1,Niharika Sathe,37.0,Male,Bike,2024-10-22,Ahmedabad,3.6,539.0,35.7,False,False,dmy
2,Zashil Rajagopalan,37.0,Female,Car,2023-11-28,Lucknow,4.4,978.0,30.8,False,False,dmy
3,Harish Shan,29.0,Male,Scooter,2021-08-25,Indore,4.6,518.0,30.2,False,False,dmy
4,aashi kulkarni,22.0,Female,Bike,2021-07-19,Delhi,4.8,225.0,47.6,False,False,fallback
5,Maanav Grewal,23.0,Male,Bike,2023-08-10,Bhubaneswar,4.2,632.0,,True,False,ambiguous_dmy_assumed
6, Dalaja Yogi  ,42.0,Female,Car,2023-04-13,Chennai,3.7,272.0,30.8,False,False,mdy
7,Vyanjana Agrawal,32.0,Male,Bike,2022-11-13,Kolkata,3.8,537.0,24.3,False,False,ymd
8,Yachana Purohit,28.0,Female,Bike,2023-10-06,Kochi,4.6,1033.0,19.2,True,False,ambiguous_dmy_assumed
9,Neel Chakraborty,19.0,Female,Car,2022-06-30,Ludhiana,3.9,737.0,11.7,False,False,dmy
10,Chanakya Madan,26.0,Male,Bicycle,2023-02-14,Chandigarh,4.1,174.0,50.5,False,False,fallback
11,Harini Sibal,32.0,Male,Bike,2022-11-05,Ahmedabad,4.3,745.0,18.5,True,False,ambiguous_dmy_assumed
12,Shravya Kapur,21.0,Male,Bike,2022-02-05,Ludhiana,4.1,555.0,42.2,False,False,ymd
13,Zarna Bhakta,23.0,Female,Bicycle,2024-06-10,Lucknow,4.4,376.0,27.0,True,False,ambiguous_dmy_assumed
14,Urmi Subramanian,27.0,Female,Bike,2022-09-13,Ahmedabad,4.4,495.0,35.4,False,False,dmy
15,Jacob Loyal,25.0,Female,Bike,2023-02-13,Vadodara,3.8,471.0,31.9,False,False,ymd
16,Nidhi Yogi,29.0,Female,Bike,2023-05-03,Patna,4.3,187.0,35.5,False,False,fallback
17,Pooja Zacharia,35.0,Female,Bike,2022-07-28,Kochi,4.0,754.0,24.0,False,False,dmy
18,Udyati Sha,22.0,Male,Scooter,2023-07-06,Lucknow,4.1,269.0,36.3,True,False,ambiguous_dmy_assumed
19,Riya Mohanty,28.0,Female,Bike,2023-11-30,Jaipur,4.6,290.0,24.3,False,False,dmy
20,Hemal Salvi,18.0,Male,Bike,2024-04-22,Bhubaneswar,3.6,366.0,36.6,False,False,mdy
21,Abhimanyu Sharma,23.0,Male,Bike,2024-10-14,Chandigarh,4.4,99.0,34.4,False,False,ymd
22,Varsha Kalla,21.0,Male,Bike,2023-04-24,Chandigarh,4.2,436.0,40.0,False,False,mdy
23,Imaran Borra,32.0,Female,Bike,2022-10-31,Indore,3.9,1676.0,33.5,False,False,ymd
24,Janya Sridhar,24.0,Male,Scooter,2023-10-23,Chandigarh,4.5,248.0,35.6,False,False,ymd
25,Ranveer Bumb,27.0,Male,Bike,2022-09-04,Patna,3.8,533.0,41.0,True,False,ambiguous_dmy_assumed
26,Jhalak Pillay,30.0,Male,Bike,2021-07-15,Delhi,3.8,437.0,39.5,False,False,fallback
27,Forum Swamy,25.0,Male,Bike,2022-11-14,Vadodara,3.8,217.0,29.6,False,False,dmy
28,Hardik Gulati,28.0,Male,Car,2022-03-24,Coimbatore,3.9,757.0,21.9,False,False,dmy
29, Max Tiwari  ,18.0,Male,Bicycle,2024-09-24,Ludhiana,4.0,379.0,40.7,False,False,fallback
30,Brijesh Goswami,20.0,Female,Bike,2023-02-11,Kochi,4.2,448.0,12.1,True,False,ambiguous_dmy_assumed
31,Siddharth Dey,23.0,Female,Bike,2022-04-15,Guwahati,3.4,978.0,33.5,False,False,mdy
32,Aarnav Sarraf,26.0,Female,Bike,2024-11-16,Nashik,4.4,353.0,33.1,False,False,fallback
33,Farhan Bakshi,23.0,Male,Bicycle,2024-10-19,Vadodara,4.6,220.0,42.0,False,False,ymd
34,Logan Sinha,24.0,Male,Bike,2024-08-19,Delhi,4.5,866.0,47.4,False,False,ymd
35,Chavvi Buch,24.0,Male,Bike,2023-12-29,Ahmedabad,4.0,241.0,33.6,False,False,mdy
36,Nikita Yogi,33.0,Female,Bike,2025-03-12,Patna,3.8,283.0,19.6,True,False,ambiguous_dmy_assumed
37,Abha Sankar,23.0,Female,Scooter,2022-03-05,Surat,4.5,404.0,15.6,False,False,ymd
38,Devansh Andra,29.0,Male,Bike,2023-01-31,Delhi,4.4,401.0,20.3,False,False,ymd
39,Radhika Dass,25.0,Female,Bicycle,2022-08-06,Vadodara,4.0,549.0,37.0,False,False,ymd
40,Karan Rastogi,31.0,Female,Bike,2024-02-27,Delhi,4.6,221.0,34.9,False,False,mdy
41,Om Bedi,22.0,Male,Bicycle,2021-09-06,Guwahati,4.2,1636.0,32.3,True,False,ambiguous_dmy_assumed
42,Dayamai Pradhan,39.0,Male,Bike,2022-02-03,Pune,4.9,199.0,36.3,False,False,ymd
43,Ansh Barad,37.0,Male,Bike,2025-03-18,Ahmedabad,4.6,276.0,32.1,False,False,ymd
44,Chandani Nayak,34.0,Female,Bike,2023-03-17,Visakhapatnam,4.2,552.0,22.5,False,False,mdy
45,Laksh Chad,25.0,Female,Scooter,2025-03-21,Chandigarh,4.4,306.0,28.0,False,False,dmy
46,Matthew Shankar,21.0,Female,Bike,2023-02-22,Visakhapatnam,4.1,876.0,21.7,False,False,ymd
47,Gayathri Pal,29.0,Female,Bike,2022-08-03,Pune,4.2,370.0,20.3,False,False,ymd
48,Megha Loke,38.0,Female,Bike,2023-10-10,Bhubaneswar,4.3,728.0,27.5,True,False,ambiguous_dmy_assumed
49,Aahana Merchant,35.0,Male,Bike,2023-11-09,Jaipur,4.1,970.0,21.1,True,False,ambiguous_dmy_assumed
50,Hardik Varughese,25.0,Female,Bike,2022-10-26,Nashik,3.5,796.0,42.5,False,False,dmy
51,Ria Boase,34.0,Male,Scooter,2022-07-16,Mumbai,,855.0,10.9,False,False,dmy
52,Faqid Chakrabarti,33.0,Male,Bicycle,2022-11-10,Coimbatore,4.6,1752.0,31.8,True,False,ambiguous_dmy_assumed
53,Gaurika Toor,21.0,Female,Bike,2022-03-11,Mumbai,3.9,524.0,43.6,False,False,ymd
54,Indira Narayanan,39.0,Female,Bike,2023-09-05,Nagpur,3.8,171.0,48.5,False,False,fallback
55,Harshil Char,34.0,Male,Bike,2024-06-23,Ludhiana,4.3,1013.0,25.3,False,False,fallback
56,Bhanumati Mangal,28.0,Male,Scooter,2022-12-10,Coimbatore,5.0,488.0,26.6,True,False,ambiguous_dmy_assumed
57,Krish Khare,26.0,Male,Scooter,2023-11-13,Bhubaneswar,3.1,467.0,30.6,False,False,fallback
58,Charvi Bassi,22.0,Female,Scooter,2024-11-26,Hyderabad,4.0,1120.0,53.5,False,False,dmy
59,Hitesh Ghose,27.0,Female,Bike,2025-01-24,Nashik,4.5,606.0,22.3,False,False,dmy
60,Zilmil Dua,32.0,Female,Scooter,2022-03-07,Indore,4.0,660.0,38.9,True,False,ambiguous_dmy_assumed
61,Vritti Setty,18.0,Female,Scooter,2022-01-29,Kochi,4.1,990.0,31.1,False,False,mdy
62,Azad Deshmukh,32.0,Female,Scooter,2024-05-18,Patna,4.0,771.0,32.2,False,False,ymd
63,Vasana Tiwari,32.0,Male,Bike,2022-06-06,Vadodara,4.8,330.0,40.3,False,False,ymd
64,Yamini Jaggi,34.0,Male,Bike,2022-11-18,Bhubaneswar,4.3,292.0,30.6,False,False,dmy
65,Falan Pant,31.0,Female,Bike,2024-04-19,Bhubaneswar,4.2,386.0,,False,False,mdy
66,Aryan Iyer,35.0,Male,Bike,2023-04-01,Ludhiana,4.0,822.0,45.2,True,False,ambiguous_dmy_assumed
67,Lavanya Bhardwaj,29.0,Female,Car,2024-07-19,Vadodara,3.6,1317.0,29.8,False,False,mdy
68,Adya Bera,40.0,Female,Bicycle,2023-04-25,Ahmedabad,4.8,862.0,33.3,False,False,mdy
69,Widisha Cheema,39.0,Male,Car,2023-06-17,Jaipur,4.2,334.0,27.4,False,False,dmy
70,Kamya Bora,18.0,Female,Bike,2021-08-10,Nagpur,3.7,556.0,46.6,False,False,ymd
71,Meghana Dara,32.0,Female,Scooter,2021-09-20,Bengaluru,4.5,472.0,31.2,False,False,mdy
72,Yashodhara Khosla,30.0,Male,Bike,2022-07-27,Jaipur,4.2,1194.0,19.4,False,False,fallback
73,Agastya Tak,24.0,Female,Bike,2021-09-09,Nagpur,4.3,626.0,34.9,True,False,ambiguous_dmy_assumed
74,Kashish Vig,32.0,Female,Bike,2022-04-12,Nagpur,4.4,489.0,42.2,False,False,ymd
75,Dakshesh Ganguly,29.0,Male,Bicycle,2022-01-26,Nagpur,4.4,716.0,33.4,False,False,ymd
76,Aryan Garg,37.0,Female,Scooter,2024-03-19,Kochi,5.0,419.0,22.2,False,False,dmy
77,Warhi Hari,24.0,Female,Bike,2022-02-08,Pune,4.1,556.0,21.1,False,False,ymd
78,Kritika Wagle,29.0,Female,Bicycle,2022-08-10,Hyderabad,3.9,532.0,34.5,False,False,fallback
79,Dhruv Sen,28.0,Female,Scooter,2023-02-07,Delhi,4.3,705.0,28.9,False,False,ymd
80,Vasatika Arya,31.0,Female,Bike,2024-08-27,Pune,3.9,509.0,39.6,False,False,dmy
81, Qushi Oak  ,35.0,Male,Bicycle,2021-07-15,Lucknow,4.4,110.0,37.2,False,False,ymd
82,Fitan Tara,37.0,Male,Bike,2022-10-03,Guwahati,4.1,693.0,39.9,False,False,fallback
83,Libni Joshi,29.0,Female,Bike,2024-12-03,Vadodara,3.6,649.0,34.6,False,False,ymd
84,Bahadurjit Goel,26.0,Male,Bike,2023-01-13,Surat,4.2,673.0,36.6,False,False,ymd
85,Xavier Dyal,20.0,Male,Scooter,2024-09-25,Mumbai,4.0,568.0,31.6,False,False,ymd
86,Charles Tata,21.0,Male,Car,2025-02-28,Chandigarh,4.1,327.0,28.7,False,False,mdy
87,Farhan Gade,28.0,Male,Bike,2023-06-29,Nashik,4.4,302.0,23.6,False,False,ymd
88,Anusha Dhillon,28.0,Male,Bike,2021-11-19,Mumbai,4.7,240.0,48.7,False,False,fallback
89,Madhavi Kari,32.0,Male,Scooter,2023-01-13,Pune,4.4,261.0,28.9,False,False,dmy
90,Laksh Bera,29.0,Female,Bike,2022-01-10,Coimbatore,3.9,471.0,40.3,True,False,ambiguous_dmy_assumed
91,Prisha Wali,33.0,Female,Scooter,2021-08-24,Visakhapatnam,3.9,457.0,22.6,False,False,dmy
92,Rajata Ray,33.0,Female,Scooter,2022-12-21,Vadodara,3.8,145.0,43.2,False,False,ymd
93,Chaaya Vora,26.0,Female,Bike,2022-12-31,Pune,3.2,646.0,27.8,False,False,dmy
94,Jyoti Mandal,24.0,Male,Bike,2024-09-14,Kolkata,4.4,591.0,38.4,False,False,dmy
95,Rachit Garde,18.0,Female,Scooter,2024-10-15,Chennai,4.0,681.0,27.3,False,False,ymd
96,Hemani Kara,35.0,Female,Bike,2023-12-07,Nashik,4.3,336.0,14.7,False,False,fallback
97,Bishakha Mall,35.0,Male,Scooter,2024-12-01,Pune,4.1,643.0,39.9,False,False,fallback
98,Kabir Sharaf,26.0,Male,Bike,2023-01-02,Bhopal,3.6,394.0,40.7,False,False,fallback
99,Kashish Sabharwal,27.0,Male,Bike,2024-02-08,Ahmedabad,5.0,854.0,39.4,True,False,ambiguous_dmy_assumed
100,Nidhi Sabharwal,29.0,Male,Bike,2023-07-28,Visakhapatnam,4.7,499.0,15.5,False,False,fallback
101,Abhiram Patil,19.0,Male,Bike,2021-11-09,Chennai,3.8,979.0,30.2,False,False,ymd
102,Ekbal Kata,28.0,Female,Scooter,2021-08-03,Pune,4.1,803.0,30.4,True,False,ambiguous_dmy_assumed
103,Anmol Singhal,29.0,Male,Scooter,2021-06-01,Delhi,3.2,728.0,23.5,False,False,ymd
104,Yagnesh Bhakta,28.0,Female,Bike,2022-03-18,Patna,3.8,627.0,30.9,False,False,ymd
105,Vedhika Kohli,30.0,Female,Bicycle,2021-11-25,Kochi,4.6,515.0,23.9,False,False,ymd
106,Nisha Goel,25.0,Female,Bike,2024-12-05,Bhubaneswar,3.7,999.0,31.4,False,False,ymd
107,Radhika Dube,35.0,Male,Scooter,2024-08-20,Bengaluru,3.9,369.0,29.5,False,False,dmy
108,YASHASVI RAMASWAMY,23.0,Female,Bike,2023-05-03,Raipur,4.2,389.0,44.0,False,False,ymd
109,Upasna Natarajan,18.0,Male,Scooter,2021-07-21,Chennai,4.3,595.0,35.0,False,False,fallback
110,Sara Mital,26.0,Male,Scooter,2024-08-21,Mumbai,4.8,615.0,35.9,False,False,fallback
111,Chakrika Bajaj,34.0,Female,Car,2024-03-17,Bhopal,4.0,324.0,20.7,False,False,ymd
112,Maanav Bose,30.0,Female,Scooter,2021-09-03,Pune,4.1,560.0,36.8,False,False,fallback
113,Isha Bajwa,24.0,Female,Scooter,2021-06-22,Hyderabad,3.5,159.0,37.5,False,False,dmy
114,Vinaya Behl,33.0,Female,Bike,2021-12-04,Indore,4.5,98.0,42.1,False,False,fallback
115,Pratyush Mukherjee,35.0,Female,Scooter,2022-07-08,Bhubaneswar,4.3,400.0,20.6,True,False,ambiguous_dmy_assumed
116,Abhimanyu Bhasin,37.0,Male,Bike,2024-12-07,Kolkata,5.0,537.0,17.4,False,False,ymd
117,Vanya Golla,31.0,Female,Scooter,2022-06-21,Chennai,4.4,434.0,34.9,False,False,dmy
118,Triya Bava,19.0,Female,Bicycle,2022-03-12,Guwahati,3.8,522.0,44.9,True,False,ambiguous_dmy_assumed
119,Isaiah Char,34.0,Male,Scooter,2022-04-29,Bhopal,3.3,325.0,17.2,False,False,fallback
120,Hamsini Batta,26.0,Male,Bicycle,2023-10-28,Bhubaneswar,4.3,783.0,21.9,False,False,ymd
121,Chatresh Behl,24.0,Female,Scooter,2021-11-09,Raipur,4.0,334.0,47.3,True,False,ambiguous_dmy_assumed
122,Ubika Johal,22.0,Male,Bike,2022-12-08,Bhopal,3.9,468.0,57.6,False,False,ymd
123,Udant Balan,36.0,Male,Car,2023-07-09,Pune,4.5,389.0,25.1,True,False,ambiguous_dmy_assumed
124,Oscar Ahuja,25.0,Male,Bike,2024-07-02,Guwahati,3.7,577.0,50.7,True,False,ambiguous_dmy_assumed
125,Tamanna Sahota,27.0,Male,Bike,2025-01-06,Patna,3.8,522.0,34.1,False,False,fallback
126,Fitan Sem,24.0,Female,Bicycle,2023-10-19,Kolkata,4.5,390.0,21.5,False,False,fallback
127,Xavier Singh,28.0,Female,Bicycle,2022-10-15,Kochi,4.3,425.0,34.5,False,False,ymd
128,Omkaar Venkatesh,18.0,Male,Car,2021-09-10,Bhopal,5.0,1521.0,33.3,True,False,ambiguous_dmy_assumed
129,Eta Mahal,25.0,Female,Scooter,2024-07-22,Bhopal,5.0,824.0,13.2,False,False,dmy
130, Oviya Sankar  ,30.0,Male,Scooter,2023-01-26,Chennai,3.9,816.0,42.5,False,False,fallback
131,Upkaar Sanghvi,26.0,Female,Bike,2023-12-16,Chennai,4.2,586.0,29.8,False,False,ymd
132,Balhaar Chacko,28.0,Female,Bike,2023-10-08,Hyderabad,4.4,1318.0,23.2,True,False,ambiguous_dmy_assumed
133,Aryan Buch,28.0,Female,Bike,2023-10-20,Kolkata,4.1,232.0,29.4,False,False,dmy
134,Gunbir Malhotra,31.0,Female,Bike,2022-12-04,Surat,4.7,183.0,22.9,True,False,ambiguous_dmy_assumed
135,Aishani Aurora,35.0,Female,Bike,2021-06-02,Chandigarh,4.5,465.0,23.5,False,False,ymd
136,Ria Sama,25.0,Female,Scooter,2022-12-04,Nashik,4.3,797.0,20.5,False,False,ymd
137,Gabriel Mangal,32.0,Male,Bike,2024-08-09,Bhubaneswar,4.6,370.0,21.9,False,False,fallback
138,Elijah Ahuja,36.0,Male,Bike,2021-05-07,Guwahati,4.0,281.0,33.3,True,False,ambiguous_dmy_assumed
139,Samaksh Dass,40.0,Male,Bike,2024-09-01,Raipur,3.7,514.0,50.8,False,False,ymd
140,Fariq Suri,23.0,Male,Bicycle,2024-12-29,Mumbai,4.3,591.0,35.0,False,False,mdy
141,Niharika Chaudhry,22.0,Female,Scooter,2024-07-08,Surat,4.5,750.0,29.4,False,False,ymd
142,George Natt,41.0,Male,Scooter,2024-01-13,Visakhapatnam,3.7,840.0,27.5,False,False,fallback
143,Megha Narasimhan,31.0,Female,Bike,2023-12-27,Nashik,4.9,269.0,33.0,False,False,fallback
144,Gaurangi Ben,24.0,Female,Bike,2022-11-26,Lucknow,3.8,381.0,25.6,False,False,dmy
145,sai de,27.0,Male,Scooter,2021-08-02,Mumbai,3.9,730.0,33.1,False,False,ymd
146,Gayathri Mahajan,30.0,Male,Bike,2024-05-01,Patna,4.9,229.0,20.4,True,False,ambiguous_dmy_assumed
147,Krisha Keer,36.0,Male,Scooter,2023-05-11,Raipur,3.8,1411.0,48.2,False,False,fallback
148,Kashish Bose,30.0,Male,Bike,2021-07-10,Pune,3.5,689.0,36.4,False,False,ymd
149,Naveen Kala,31.0,Female,Bike,2022-08-12,Jaipur,3.8,368.0,21.8,False,False,fallback
150,Dakshesh Choudhary,33.0,Male,Scooter,2023-08-07,Chandigarh,3.6,584.0,32.4,True,False,ambiguous_dmy_assumed
151, Abhimanyu Tella  ,27.0,Male,Bike,2023-09-30,Chandigarh,3.7,113.0,36.8,False,False,dmy
152,Hemang Apte,38.0,Male,Bike,2024-06-14,Nagpur,4.6,672.0,42.9,False,False,mdy
153,Atharv Amble,34.0,Male,Car,2022-04-25,Ahmedabad,3.8,704.0,20.9,False,False,dmy
154,Nimrat Tella,27.0,Female,Bike,2025-03-04,Surat,3.9,907.0,43.8,False,False,ymd
155,David Rao,37.0,Female,Car,2023-07-01,Surat,4.8,389.0,30.5,False,False,ymd
156,Madhav Talwar,28.0,Female,Bike,2023-07-05,Chennai,4.2,535.0,25.7,False,False,fallback
157,Abeer Palan,31.0,Male,Bike,2024-12-11,Coimbatore,4.5,1094.0,,True,False,ambiguous_dmy_assumed
158,Maanav Sinha,28.0,Male,Car,2023-09-03,Pune,4.4,809.0,23.9,True,False,ambiguous_dmy_assumed
159,Bachittar Shroff,39.0,Female,Bike,2021-10-23,Mumbai,4.6,979.0,22.3,False,False,fallback
160,Pallavi Dewan,20.0,Male,Scooter,2024-08-14,Visakhapatnam,3.9,500.0,52.6,False,False,dmy
161,Xiti Anne,26.0,Female,Bike,2024-03-14,Lucknow,4.3,821.0,10.0,False,False,ymd
162,David Deep,36.0,Female,Bike,2022-08-25,Patna,3.7,1032.0,34.1,False,False,dmy
163,MAHIKA SAMA,30.0,Female,Scooter,2024-02-23,Ludhiana,4.6,642.0,27.6,False,False,dmy
164,Bhavini Chacko,27.0,Female,Bike,2024-10-22,Raipur,3.9,405.0,24.9,False,False,dmy
165,Januja Bhargava,25.0,Female,Scooter,2023-09-20,Indore,3.8,263.0,27.1,False,False,dmy
166,Oliver Kothari,40.0,Female,Car,2025-02-23,Visakhapatnam,4.1,252.0,25.0,False,False,dmy
167,Utkarsh Sarkar,29.0,Male,Bicycle,2024-07-23,Coimbatore,4.8,750.0,,False,False,mdy
168,Manthan Mani,30.0,Female,Bike,2024-09-28,Nashik,,2117.0,26.9,False,False,ymd
169,Meghana Chhabra,18.0,Male,Bicycle,2025-02-18,Mumbai,4.1,776.0,36.2,False,False,mdy
170,Vritti Sodhi,18.0,Male,Bike,2023-04-10,Chennai,4.0,1257.0,25.8,True,False,ambiguous_dmy_assumed
171,Jack Barad,33.0,Male,Bike,2024-12-11,Guwahati,4.7,401.0,40.7,True,False,ambiguous_dmy_assumed
172,Lakshmi Thaker,32.0,Male,Scooter,2023-02-10,Hyderabad,4.0,1364.0,29.4,False,False,ymd
173, Tanmayi Rout  ,26.0,Female,Bike,2022-08-30,Indore,3.3,595.0,26.0,False,False,fallback
174,Vinaya Naik,18.0,Male,Scooter,2023-02-07,Pune,4.5,461.0,26.0,True,False,ambiguous_dmy_assumed
175,Qabil Pillay,25.0,Female,Scooter,2024-07-25,Vadodara,4.0,405.0,38.7,False,False,dmy
176,Zayan Modi,18.0,Female,Scooter,2024-01-10,Pune,4.7,641.0,43.3,True,False,ambiguous_dmy_assumed
177,Yash Dada,25.0,Male,Bike,2023-01-26,Bhubaneswar,4.3,808.0,20.2,False,False,dmy
178,Rachit Bhattacharyya,22.0,Male,Bike,2023-02-02,Indore,4.4,600.0,36.4,True,False,ambiguous_dmy_assumed
179,Jagrati Cherian,20.0,Female,Bike,2022-12-25,Raipur,4.1,836.0,16.5,False,False,dmy
180,Fitan Dugar,25.0,Female,Bike,2021-10-29,Bhopal,3.5,436.0,12.4,False,False,dmy
181,Nisha Vohra,27.0,Male,Scooter,2024-06-09,Bengaluru,3.7,710.0,38.6,False,False,ymd
182,Amrita Uppal,21.0,Female,Scooter,2023-04-11,Bhopal,3.4,842.0,27.9,True,False,ambiguous_dmy_assumed
183,Girik Modi,23.0,Female,Bicycle,2025-02-02,Visakhapatnam,4.5,735.0,30.0,False,False,ymd
184,Hredhaan Upadhyay,33.0,Male,Bicycle,2023-08-22,Pune,4.8,713.0,22.9,False,False,ymd
185,Sai Venkataraman,18.0,Male,Car,2024-03-17,Mumbai,4.6,580.0,33.0,False,False,mdy
186,Daniel Palan,21.0,Female,Car,2024-08-06,Lucknow,3.5,438.0,45.2,True,False,ambiguous_dmy_assumed
187,Chavvi Yohannan,33.0,Female,Scooter,2022-11-11,Hyderabad,4.2,624.0,26.5,True,False,ambiguous_dmy_assumed
188,Tara Iyer,26.0,Female,Bike,2021-08-29,Delhi,4.2,684.0,31.4,False,False,fallback
189,Sara Sachdev,30.0,Male,Scooter,2021-08-19,Coimbatore,5.0,678.0,40.6,False,False,mdy
190,Samuel Borra,33.0,Female,Scooter,2022-01-18,Delhi,4.4,858.0,40.3,False,False,ymd
191,Ansh Sami,37.0,Female,Bike,2024-02-29,Chennai,4.6,764.0,32.5,False,False,ymd
192,Luke Narain,32.0,Male,Bike,2023-08-25,Nashik,4.0,843.0,28.4,False,False,dmy
193,Brijesh Arora,28.0,Female,Bike,2021-10-16,Coimbatore,3.7,700.0,30.7,False,False,dmy
194,Ikbal Gupta,31.0,Male,Bike,2022-06-07,Coimbatore,4.2,781.0,26.5,True,False,ambiguous_dmy_assumed
195,Jackson Mand,23.0,Male,Scooter,2024-06-13,Raipur,4.8,1848.0,48.7,False,False,mdy
196,Kavya Sura,25.0,Male,Bicycle,2021-07-21,Lucknow,4.5,693.0,29.9,False,False,ymd
197,Chandani Karnik,26.0,Female,Bike,2024-06-03,Patna,4.4,445.0,28.7,False,False,ymd
198,Janya Vig,33.0,Male,Bike,2022-05-14,Surat,4.7,366.0,15.8,False,False,fallback
199,Kalpit Koshy,20.0,Male,Scooter,2024-08-30,Visakhapatnam,4.0,395.0,44.5,False,False,fallback
200,Vritti Doshi,19.0,Male,Scooter,2023-03-09,Lucknow,4.5,352.0,30.5,True,False,ambiguous_dmy_assumed
201,Saksham Roy,28.0,Female,Bike,2021-07-02,Jaipur,4.2,199.0,52.1,False,False,fallback
202,Harini Kunda,35.0,Male,Bike,2023-04-15,Surat,4.0,1305.0,28.6,False,False,ymd
203,Vasana Deep,28.0,Female,Scooter,2023-02-20,Ludhiana,3.6,349.0,29.3,False,False,ymd
204,Janani Nagar,37.0,Female,Scooter,2023-08-03,Ludhiana,4.0,808.0,30.7,False,False,ymd
205,Triya Jaggi,26.0,Female,Bike,2022-08-22,Lucknow,4.3,333.0,42.9,False,False,fallback
206,Harini Din,24.0,Female,Bike,2024-08-15,Coimbatore,4.3,727.0,40.9,False,False,ymd
207,Hemangini Guha,22.0,Male,Car,2023-09-02,Delhi,4.7,188.0,33.0,False,False,fallback
208,Upkaar Bajwa,28.0,Male,Bicycle,2022-09-19,Delhi,3.9,392.0,26.3,False,False,dmy
209,Hitesh Sathe,23.0,Female,Bike,2022-07-24,Delhi,3.7,1409.0,31.0,False,False,ymd
210,Manthan Shah,26.0,Male,Bike,2021-09-23,Ahmedabad,3.7,396.0,33.6,False,False,ymd
211,Ladli Hayer,24.0,Female,Bike,2025-03-26,Pune,3.9,232.0,33.4,False,False,mdy
212,Gayathri Parsa,39.0,Male,Bicycle,2024-08-15,Bhubaneswar,4.7,917.0,38.6,False,False,dmy
213,Waida Sule,25.0,Male,Bike,2025-03-11,Bhopal,4.4,702.0,37.7,True,False,ambiguous_dmy_assumed
214,Bhavika Thaman,33.0,Female,Bike,2024-02-11,Kochi,4.6,711.0,41.5,False,False,ymd
215,Chanchal Comar,26.0,Male,Scooter,2023-08-15,Guwahati,,509.0,23.9,False,False,ymd
216,Hemang Venkatesh,27.0,Male,Car,2024-06-04,Indore,4.1,349.0,39.6,False,False,ymd
217,Kabir Kapoor,19.0,Female,Scooter,2024-11-16,Indore,4.6,545.0,26.5,False,False,fallback
218,Ethan Ramakrishnan,18.0,Male,Bicycle,2024-09-07,Kochi,4.5,877.0,42.3,False,False,ymd
219,Daksh Saran,33.0,Male,Bike,2024-02-16,Bengaluru,4.5,478.0,42.7,False,False,ymd
220,Dipta Krishna,34.0,Female,Scooter,2024-06-30,Kochi,4.4,661.0,27.7,False,False,mdy
221,Kala Ganesh,25.0,Male,Bike,2024-02-16,Nagpur,3.8,572.0,35.7,False,False,fallback
222,Meera Oza,22.0,Male,Bike,2022-08-28,Hyderabad,4.6,826.0,36.2,False,False,dmy
223,Barkha Chokshi,19.0,Male,Bike,2024-09-18,Ludhiana,4.5,989.0,,False,False,dmy
224,Nihal Pathak,34.0,Female,Bike,2023-12-31,Pune,4.3,708.0,28.9,False,False,dmy
225,Yashoda Ravel,24.0,Male,Bike,2022-04-24,Bhopal,3.8,620.0,35.6,False,False,mdy
226,Jhalak Bhargava,18.0,Female,Bike,2022-05-22,Indore,4.2,461.0,30.5,False,False,ymd
227,Raagini Sani,40.0,Female,Scooter,2023-07-05,Kolkata,4.4,876.0,29.0,False,False,ymd
228,Waida Narang,30.0,Female,Car,2023-05-12,Coimbatore,4.2,685.0,19.0,True,False,ambiguous_dmy_assumed
229,Krish Chahal,28.0,Male,Bike,2022-01-19,Surat,3.9,718.0,23.3,False,False,fallback
230,Zinal Krishna,30.0,Female,Bike,2024-06-15,Nagpur,4.7,664.0,22.2,False,False,ymd
231,Leela Muni,21.0,Female,Bike,2024-09-05,Visakhapatnam,4.1,468.0,34.0,True,False,ambiguous_dmy_assumed
232,Daniel Raj,28.0,Female,Bike,2024-10-10,Bengaluru,4.1,256.0,34.8,True,False,ambiguous_dmy_assumed
233,Falguni Borah,29.0,Male,Bike,2023-09-08,Jaipur,4.3,374.0,15.1,True,False,ambiguous_dmy_assumed
234,Vritti Kanda,30.0,Female,Bicycle,2022-11-19,Jaipur,4.6,597.0,25.2,False,False,fallback
235,Aachal Tiwari,24.0,Male,Scooter,2022-11-26,Indore,4.4,1262.0,29.4,False,False,dmy
236,Udant Keer,29.0,Male,Bike,2025-02-10,Patna,4.1,341.0,43.1,True,False,ambiguous_dmy_assumed
237,Madhavi Shetty,29.0,Female,Bike,2024-02-22,Hyderabad,4.5,185.0,34.4,False,False,dmy
238,Zaitra Tank,30.0,Female,Bike,2023-04-20,Nashik,4.1,495.0,22.2,False,False,fallback
239,Zashil Randhawa,35.0,Male,Bicycle,2024-08-19,Delhi,4.2,695.0,21.2,False,False,ymd
240,Upasna Murthy,27.0,Female,Car,2022-12-05,Kochi,4.1,1006.0,26.9,False,False,ymd
241,Dominic Ramesh,25.0,Male,Bike,2024-09-07,Chennai,3.7,1350.0,25.5,True,False,ambiguous_dmy_assumed
242,Qasim Sheth,25.0,Male,Car,2023-10-25,Bhopal,3.7,715.0,27.7,False,False,mdy
243,Lila Gaba,31.0,Male,Bike,2022-11-09,Pune,4.4,944.0,27.0,False,False,ymd
244,triveni sani,29.0,Male,Scooter,2023-01-30,Lucknow,4.2,876.0,60.6,False,False,mdy
245,Lipika Dora,23.0,Female,Scooter,2024-11-30,Guwahati,4.8,581.0,40.0,False,False,mdy
246,Deepa Subramanian,23.0,Female,Bike,2024-05-21,Ludhiana,3.7,917.0,53.5,False,False,dmy
247,Harshil Rao,29.0,Male,Bike,2022-01-10,Pune,4.5,355.0,39.8,True,False,ambiguous_dmy_assumed
248,Fariq Thakur,20.0,Male,Scooter,2023-01-18,Surat,3.8,421.0,35.4,False,False,mdy
249,Sachi Kuruvilla,23.0,Female,Scooter,2024-10-24,Nashik,3.8,463.0,40.4,False,False,dmy
250,Bachittar Goda,34.0,Male,Scooter,2024-01-09,Chennai,4.8,506.0,19.3,False,False,ymd
251,Adya Chatterjee,37.0,Male,Car,2022-10-30,Bhubaneswar,4.4,145.0,21.7,False,False,ymd
252,Ekansh Chakrabarti,35.0,Female,Bike,2024-06-07,Nashik,4.1,242.0,38.2,False,False,fallback
253,Hardik Raju,28.0,Female,Scooter,2023-12-06,Bhubaneswar,4.0,724.0,29.3,False,False,ymd
254,Frado Butala,32.0,Female,Car,2021-12-05,Ahmedabad,4.8,332.0,24.2,True,False,ambiguous_dmy_assumed
255,Edhitha Majumdar,18.0,Male,Bike,2023-07-20,Ahmedabad,3.9,275.0,33.3,False,False,dmy
256,Gautam Kapoor,37.0,Male,Bike,2023-06-12,Nagpur,4.1,388.0,30.2,True,False,ambiguous_dmy_assumed
257,Matthew Buch,25.0,Female,Bike,2022-11-23,Mumbai,4.4,676.0,36.0,False,False,fallback
258,Fiyaz Sule,24.0,Male,Bike,2024-07-13,Bhopal,4.0,1285.0,33.1,False,False,dmy
259, Meera Krish  ,21.0,Female,Bike,2021-12-08,Guwahati,3.2,506.0,35.1,False,False,ymd
260,RACHANA MURTY,27.0,Female,Scooter,2022-12-22,Bhopal,4.5,350.0,33.4,False,False,mdy
261,Viraj Kota,24.0,Female,Bike,2025-03-01,Ludhiana,4.0,496.0,30.2,True,False,ambiguous_dmy_assumed
262,NAKUL DIXIT,24.0,Female,Bike,2023-06-12,Chennai,4.8,713.0,39.9,False,False,ymd
263,Tamanna Manne,35.0,Female,Bike,2022-10-08,Bhubaneswar,4.8,421.0,52.6,False,False,ymd
264,Chaitanya Deep,43.0,Female,Scooter,2021-07-16,Delhi,4.2,344.0,36.8,False,False,dmy
265,Pranav Madan,35.0,Female,Scooter,2022-12-02,Pune,4.3,997.0,38.0,False,False,ymd
266,Nandini Sodhi,24.0,Male,Bike,2023-04-17,Coimbatore,3.9,589.0,38.6,False,False,mdy
267,Deepa Banerjee,25.0,Male,Bicycle,2021-06-06,Ahmedabad,4.5,705.0,29.3,False,False,ymd
268,Ansh Sastry,25.0,Female,Bike,2024-07-03,Delhi,4.4,444.0,40.9,True,False,ambiguous_dmy_assumed
269,Jeevika Trivedi,30.0,Female,Scooter,2022-07-21,Bhubaneswar,4.2,1501.0,39.6,False,False,mdy
270, Amruta Varkey  ,27.0,Female,Bike,2024-05-25,Surat,3.6,442.0,37.5,False,False,mdy
271,Arjun Chandran,34.0,Female,Scooter,2024-05-21,Nashik,4.7,414.0,34.3,False,False,ymd
272,Rohan Sahota,36.0,Female,Bike,2024-07-02,Ahmedabad,4.2,697.0,24.7,False,False,ymd
273,Zayan Lalla,32.0,Male,Bike,2022-07-11,Pune,4.0,811.0,41.7,True,False,ambiguous_dmy_assumed
274,Vinaya Dube,32.0,Female,Scooter,2021-09-25,Guwahati,5.0,478.0,16.6,False,False,ymd
275,Megha Bhatia,35.0,Female,Car,2021-01-09,Kochi,4.3,263.0,20.7,True,False,ambiguous_dmy_assumed
276,Wridesh Aurora,27.0,Female,Bike,2024-10-06,Surat,4.0,588.0,41.4,True,False,ambiguous_dmy_assumed
277,Advik Doshi,26.0,Male,Car,2022-12-26,Kochi,3.7,834.0,42.4,False,False,fallback
278,Turvi Devan,31.0,Female,Car,2022-04-29,Kochi,4.8,376.0,28.2,False,False,fallback
279,Benjamin Mammen,25.0,Female,Bike,2023-12-28,Chennai,4.0,708.0,33.9,False,False,dmy
280,Zansi Cherian,37.0,Female,Bike,2023-12-07,Guwahati,4.6,536.0,37.7,True,False,ambiguous_dmy_assumed
281,Tanay Balan,26.0,Male,Scooter,2022-12-30,Vadodara,4.5,603.0,10.0,False,False,ymd
282,Vritti Wali,30.0,Male,Bike,2022-03-08,Surat,3.8,486.0,24.8,True,False,ambiguous_dmy_assumed
283,Nathan Doctor,30.0,Female,Scooter,2024-06-06,Ahmedabad,3.9,728.0,55.2,True,False,ambiguous_dmy_assumed
284,Fiyaz Raman,41.0,Female,Bike,2022-01-23,Delhi,3.6,163.0,16.8,False,False,ymd
285,Vrishti Bhardwaj,32.0,Male,Bike,2022-05-26,Hyderabad,4.4,430.0,33.6,False,False,mdy
286,Vritti Wagle,26.0,Female,Scooter,2024-08-19,Coimbatore,3.7,817.0,41.9,False,False,ymd
287,Meghana Kala,25.0,Female,Bike,2022-12-22,Hyderabad,4.2,636.0,11.8,False,False,fallback
288,bahadurjit chaudhary,26.0,Female,Bicycle,2022-08-08,Ludhiana,4.7,327.0,30.0,True,False,ambiguous_dmy_assumed
289,Tripti Desai,30.0,Male,Bike,2022-01-01,Visakhapatnam,4.6,608.0,55.0,True,False,ambiguous_dmy_assumed
290,Arunima Krishna,27.0,Female,Bike,2023-06-10,Bengaluru,4.2,476.0,37.5,False,False,fallback
291,Pahal Rana,31.0,Female,Scooter,2024-11-09,Hyderabad,4.2,707.0,46.2,True,False,ambiguous_dmy_assumed
292,Tanveer Mangat,34.0,Male,Scooter,2024-08-24,Raipur,,362.0,38.5,False,False,ymd
293,Tanish Khosla,23.0,Male,Car,2023-07-04,Visakhapatnam,4.2,399.0,32.4,True,False,ambiguous_dmy_assumed
294,jonathan saraf,18.0,Male,Scooter,2023-09-13,Pune,3.6,577.0,21.9,False,False,ymd
295,Dhriti Loyal,18.0,Male,Bike,2025-01-02,Guwahati,4.1,858.0,34.3,False,False,ymd
296,Omisha Karnik,24.0,Female,Scooter,2021-01-09,Hyderabad,4.4,402.0,55.9,True,False,ambiguous_dmy_assumed
297,Hiral Chakrabarti,29.0,Male,Scooter,2025-03-23,Coimbatore,4.3,399.0,41.1,False,False,fallback
298,Owen Prakash,24.0,Female,Bike,2021-07-12,Jaipur,4.1,319.0,36.7,False,False,fallback
299,Veer Misra,18.0,Male,Bike,2022-02-03,Lucknow,4.1,352.0,34.7,False,False,fallback
300,Hiral Mani,30.0,Female,Bike,2023-11-01,Nashik,4.1,657.0,36.3,True,False,ambiguous_dmy_assumed
301,Lakshmi Badal,28.0,Male,Car,2022-06-25,Delhi,4.4,893.0,40.2,False,False,ymd
302,Ridhi Mander,31.0,Male,Bike,2021-06-26,Ahmedabad,4.9,537.0,26.7,False,False,ymd
303,Yatan Nazareth,27.0,Female,Bike,2023-12-04,Patna,3.9,764.0,44.3,False,False,fallback
304,Rachit Vora,18.0,Male,Bike,2023-02-14,Coimbatore,4.0,299.0,29.6,False,False,ymd
305,Ethan Karpe,24.0,Female,Car,2023-01-21,Bhubaneswar,4.6,317.0,13.5,False,False,fallback
306,Neelima Nanda,27.0,Female,Scooter,2025-01-20,Chennai,4.2,938.0,23.9,False,False,fallback
307,Urvi Kalla,31.0,Female,Bike,2022-05-27,Surat,4.5,1200.0,31.9,False,False,ymd
308,Yadavi Lad,29.0,Male,Scooter,2022-09-15,Lucknow,4.7,555.0,34.1,False,False,dmy
309,Ishanvi Sarkar,24.0,Male,Bike,2025-03-21,Bengaluru,3.9,537.0,52.0,False,False,ymd
310,Gabriel Sethi,28.0,Female,Scooter,2022-04-26,Jaipur,4.1,791.0,28.1,False,False,fallback
311,Aarna Dara,33.0,Male,Scooter,2024-05-21,Kochi,4.4,281.0,45.2,False,False,dmy
312,Umang Sarma,29.0,Male,Scooter,2021-07-15,Ludhiana,4.5,609.0,31.8,False,False,mdy
313,Unnati Deo,32.0,Female,Bike,2023-01-24,Patna,4.3,361.0,49.4,False,False,dmy
314,Neel Rattan,20.0,Male,Bicycle,2022-02-22,Indore,4.4,1242.0,10.0,False,False,ymd
315,Triveni Pandey,28.0,Male,Bike,2025-01-14,Chennai,3.9,766.0,15.3,False,False,fallback
316,Gaurangi Lall,30.0,Female,Car,2023-08-26,Patna,4.4,410.0,35.9,False,False,dmy
317,Pooja Sanghvi,43.0,Female,Bike,2025-02-14,Nagpur,4.5,615.0,43.1,False,False,dmy
318,Mugdha Batta,31.0,Female,Bike,2022-05-03,Raipur,4.5,344.0,27.6,True,False,ambiguous_dmy_assumed
319,Radhika Lalla,32.0,Male,Scooter,2023-12-15,Patna,4.2,1320.0,30.1,False,False,fallback
320,Chatresh Gokhale,29.0,Female,Scooter,2022-02-26,Chennai,3.8,336.0,32.6,False,False,ymd
321,Anita Bhatt,31.0,Male,Bicycle,2024-11-24,Hyderabad,4.3,229.0,35.9,False,False,fallback
322,Yadavi Kaul,22.0,Female,Bicycle,2021-06-21,Bengaluru,4.3,512.0,30.0,False,False,ymd
323,Rachana Murthy,28.0,Female,Bike,2022-10-12,Kochi,4.3,716.0,35.9,False,False,ymd
324,Dev Vasa,18.0,Female,Bike,2023-01-27,Jaipur,3.7,586.0,30.4,False,False,ymd
325,Hamsini Sridhar,41.0,Female,Bike,2023-06-17,Nashik,3.6,492.0,38.8,False,False,fallback
326,Michael Sha,28.0,Female,Scooter,2023-05-05,Mumbai,4.8,321.0,,False,False,fallback
327,Quincy Grewal,36.0,Female,Bike,2021-10-15,Delhi,4.7,706.0,33.2,False,False,dmy
328,Vamakshi Chaudhari,19.0,Male,Car,2021-08-10,Kolkata,3.9,730.0,10.8,True,False,ambiguous_dmy_assumed
329,Victor Sachdeva,29.0,Female,Bike,2024-12-05,Pune,4.3,279.0,31.7,True,False,ambiguous_dmy_assumed
330,Theodore Chawla,18.0,Male,Bike,2023-11-10,Vadodara,4.0,362.0,32.9,True,False,ambiguous_dmy_assumed
331,Arjun Ray,30.0,Male,Scooter,2023-02-25,Visakhapatnam,4.6,641.0,35.0,False,False,ymd
332,Vedant Choudhary,29.0,Female,Scooter,2023-01-22,Nagpur,4.3,785.0,56.8,False,False,ymd
333,Manan Ratti,24.0,Male,Bike,2022-09-11,Kolkata,4.3,359.0,16.1,False,False,ymd
334,Darpan Sule,26.0,Female,Bike,2023-08-17,Kochi,3.9,687.0,36.1,False,False,ymd
335,Baghyawati Ravel,30.0,Female,Bike,2025-03-14,Surat,4.2,552.0,44.3,False,False,ymd
336,Faraj Nori,37.0,Male,Bicycle,2021-12-09,Visakhapatnam,4.0,1166.0,29.0,False,False,ymd
337,Bina Kant,34.0,Female,Bike,2023-09-14,Kolkata,4.2,1214.0,46.8,False,False,dmy
338,Yamini Solanki,28.0,Female,Bike,2022-03-09,Coimbatore,4.7,699.0,20.3,True,False,ambiguous_dmy_assumed
339,Hemani Sarma,19.0,Male,Bike,2025-03-15,Kochi,4.5,366.0,35.0,False,False,ymd
340,Luke Koshy,31.0,Male,Bike,2022-12-28,Bengaluru,4.2,1161.0,22.6,False,False,dmy
341,Robert Sundaram,18.0,Male,Bike,2025-01-05,Ahmedabad,3.9,200.0,55.4,True,False,ambiguous_dmy_assumed
342,Baljiwan Kala,24.0,Male,Bicycle,2022-01-13,Mumbai,4.4,817.0,39.6,False,False,ymd
343,Chakrika Prakash,29.0,Male,Bike,2022-11-01,Patna,4.1,420.0,34.5,True,False,ambiguous_dmy_assumed
344,SAUMYA SAINI,38.0,Male,Car,2022-06-14,Jaipur,4.0,466.0,38.8,False,False,fallback
345,Kalpit Vohra,39.0,Female,Bike,2023-02-02,Bhubaneswar,4.0,539.0,15.7,True,False,ambiguous_dmy_assumed
346, Ekavir Kamdar  ,29.0,Male,Bike,2023-10-31,Visakhapatnam,4.5,885.0,25.1,False,False,dmy
347,Vritti Tara,28.0,Female,Bike,2021-12-03,Bhopal,4.2,802.0,10.0,True,False,ambiguous_dmy_assumed
348,yasti sagar,28.0,Male,Bike,2022-12-11,Hyderabad,4.3,344.0,31.7,True,False,ambiguous_dmy_assumed
349,Pahal Hari,29.0,Male,Bike,2024-09-10,Lucknow,4.0,355.0,19.8,True,False,ambiguous_dmy_assumed
350,Mohini Khurana,22.0,Male,Bike,2021-11-14,Vadodara,4.0,632.0,37.8,False,False,ymd
351,Yamini Chander,35.0,Female,Bike,2022-06-06,Vadodara,4.2,239.0,39.4,False,False,ymd
352,Samar Patla,20.0,Male,Bicycle,2024-12-29,Kochi,3.8,438.0,25.0,False,False,mdy
353,Upkaar Chaudhry,33.0,Female,Car,2021-12-19,Chandigarh,3.7,262.0,31.6,False,False,ymd
354,Lekha Nayak,38.0,Female,Bike,2022-02-04,Jaipur,4.0,815.0,48.8,True,False,ambiguous_dmy_assumed
355,Falan Sabharwal,26.0,Female,Bike,2024-02-05,Bhubaneswar,4.2,489.0,37.5,False,False,ymd
356,ADVIK VIG,25.0,Male,Bicycle,2022-06-01,Patna,4.0,788.0,38.6,False,False,ymd
357,Urmi Vaidya,26.0,Female,Bike,2024-06-02,Jaipur,4.6,1169.0,19.6,False,False,ymd
358,Bishakha Krish,26.0,Female,Bike,2021-08-29,Patna,3.5,183.0,33.9,False,False,dmy
359,Chandresh Kamdar,18.0,Male,Scooter,2022-01-02,Chandigarh,3.8,123.0,49.9,True,False,ambiguous_dmy_assumed
360,Chatura Prasad,33.0,Male,Bike,2021-07-11,Indore,4.1,369.0,34.1,True,False,ambiguous_dmy_assumed
361,Bhavani Goswami,28.0,Female,Scooter,2023-07-13,Coimbatore,3.3,681.0,35.0,False,False,mdy
362,Eta Bora,25.0,Male,Bike,2024-05-17,Mumbai,4.0,562.0,22.8,False,False,dmy
363,Veda Bala,30.0,Male,Scooter,2022-08-19,Raipur,3.6,358.0,41.4,False,False,ymd
364,IMARAN MAGAR,27.0,Female,Scooter,2021-08-23,Chandigarh,4.1,732.0,29.0,False,False,ymd
365,Ekaraj Korpal,22.0,Female,Bike,2022-07-18,Patna,4.6,445.0,10.0,False,False,dmy
366,Amara Naik,31.0,Male,Bike,2022-02-16,Nashik,4.6,628.0,27.1,False,False,mdy
367,Warhi Goyal,36.0,Female,Bike,2023-06-29,Raipur,4.1,685.0,36.9,False,False,dmy
368,Triveni Agrawal,33.0,Female,Bike,2023-03-22,Indore,4.0,681.0,14.5,False,False,fallback
369,Krish Buch,32.0,Female,Bike,2022-03-25,Ahmedabad,4.0,705.0,26.0,False,False,mdy
370,Vasudha Mitter,24.0,Male,Scooter,2023-01-31,Visakhapatnam,4.0,331.0,32.0,False,False,fallback
371,Wishi Radhakrishnan,28.0,Male,Bike,2021-11-13,Ludhiana,4.3,462.0,35.1,False,False,mdy
372,Ranbir Shan,19.0,Male,Bike,2022-09-04,Mumbai,4.3,717.0,38.0,True,False,ambiguous_dmy_assumed
373,Chameli Bera,25.0,Male,Car,2024-12-25,Nagpur,4.2,160.0,44.3,False,False,ymd
374,Varsha Dani,27.0,Male,Bike,2024-10-21,Hyderabad,4.7,473.0,37.7,False,False,ymd
375,Tara Banerjee,23.0,Male,Bike,2021-10-19,Nagpur,4.7,484.0,23.7,False,False,dmy
376,Tanay Dutt,29.0,Male,Bike,2022-04-24,Mumbai,3.5,581.0,25.8,False,False,dmy
377,Onkar Pillay,33.0,Male,Bike,2023-07-30,Ludhiana,4.4,714.0,27.6,False,False,dmy
378,Samaksh Pingle,28.0,Male,Bike,2022-04-16,Surat,4.5,498.0,37.1,False,False,fallback
379,Dalaja Sant,18.0,Male,Bicycle,2022-12-01,Hyderabad,4.2,663.0,35.3,False,False,ymd
380,Hemangini Chawla,20.0,Male,Car,2021-07-27,Surat,4.2,269.0,25.7,False,False,ymd
381,Chasmum Natarajan,35.0,Female,Bike,2023-02-07,Raipur,4.1,305.0,25.5,True,False,ambiguous_dmy_assumed
382,Hiral Dyal,38.0,Female,Bike,2024-10-18,Bengaluru,4.4,643.0,36.4,False,False,ymd
383,Bishakha Kunda,42.0,Male,Car,2021-06-10,Delhi,4.6,622.0,41.6,True,False,ambiguous_dmy_assumed
384,Harita Gupta,22.0,Female,Scooter,2023-10-18,Chennai,5.0,593.0,18.7,False,False,ymd
385,Kashish Bhat,21.0,Female,Bike,2022-06-18,Patna,4.0,530.0,19.9,False,False,dmy
386,Qushi Rattan,18.0,Male,Bike,2024-09-14,Patna,3.9,746.0,27.8,False,False,dmy
387,Rohan Srinivasan,30.0,Male,Bike,2024-10-02,Lucknow,4.1,918.0,29.3,True,False,ambiguous_dmy_assumed
388,Saumya Chaudhry,28.0,Male,Bike,2023-09-29,Pune,3.5,1390.0,39.9,False,False,dmy
389,Samar Din,24.0,Female,Bike,2022-09-16,Chennai,3.5,578.0,17.2,False,False,dmy
390,Ayaan Agrawal,33.0,Female,Bike,2022-03-19,Pune,4.0,637.0,39.3,False,False,fallback
391,Nidra Lala,28.0,Male,Bicycle,2021-12-25,Pune,3.7,521.0,32.9,False,False,fallback
392, Madhavi Kashyap  ,31.0,Male,Car,2025-03-03,Kolkata,4.2,580.0,25.1,False,False,fallback
393,Ati Konda,28.0,Female,Scooter,2022-06-11,Bhubaneswar,4.1,300.0,29.1,True,False,ambiguous_dmy_assumed
394,Vyanjana Swaminathan,25.0,Male,Scooter,2022-02-11,Mumbai,4.0,654.0,34.8,True,False,ambiguous_dmy_assumed
395,Meera Rau,28.0,Male,Scooter,2022-03-05,Bhubaneswar,4.0,539.0,10.0,False,False,ymd
396,Onveer Narayan,31.0,Female,Bike,2022-11-19,Kochi,3.7,1144.0,21.5,False,False,dmy
397,Panini Khalsa,22.0,Female,Scooter,2023-08-20,Raipur,,205.0,25.4,False,False,ymd
398,Gagan Raghavan,25.0,Male,Bike,2024-04-08,Visakhapatnam,4.2,150.0,31.6,False,False,ymd
399,Dalbir Borde,35.0,Female,Car,2022-10-16,Lucknow,4.1,239.0,35.9,False,False,ymd
400,Nirja Mand,32.0,Male,Bike,2022-06-29,Raipur,3.6,373.0,38.9,False,False,mdy
401,Ekansh Bhavsar,29.0,Female,Bicycle,2023-02-05,Kochi,4.0,603.0,37.9,True,False,ambiguous_dmy_assumed
402,Ishanvi Kala,30.0,Male,Bike,2023-04-02,Chandigarh,4.0,533.0,45.6,False,False,ymd
403, Tanmayi Sura  ,22.0,Female,Bike,2021-07-05,Chandigarh,5.0,581.0,37.2,False,False,ymd
404,Urvashi Mall,33.0,Male,Scooter,2022-06-15,Guwahati,4.1,396.0,41.1,False,False,ymd
405,Laksh Raval,19.0,Female,Bike,2024-12-13,Kochi,4.5,1797.0,46.8,False,False,fallback
406,Wyatt Chawla,32.0,Female,Bike,2023-03-02,Visakhapatnam,3.6,733.0,23.7,False,False,ymd
407,Max Dhar,28.0,Male,Bike,2025-03-20,Bengaluru,4.4,176.0,48.8,False,False,dmy
408,MADHAVI VYAS,28.0,Male,Bike,2024-07-08,Chennai,3.8,946.0,41.3,True,False,ambiguous_dmy_assumed
409,Chandresh Naik,42.0,Male,Car,2022-08-27,Patna,4.1,630.0,20.1,False,False,ymd
410,Waida Malhotra,36.0,Male,Bike,2023-01-23,Kochi,4.0,416.0,22.4,False,False,dmy
411,Tanvi Johal,25.0,Male,Scooter,2025-03-19,Bhubaneswar,4.4,233.0,44.7,False,False,mdy
412,Omaja Nair,27.0,Female,Scooter,2023-10-07,Visakhapatnam,4.7,537.0,32.2,True,False,ambiguous_dmy_assumed
413,Anamika Chauhan,30.0,Female,Bike,2025-03-06,Vadodara,3.9,776.0,21.1,True,False,ambiguous_dmy_assumed
414,Harinakshi Sridhar,24.0,Male,Car,2024-04-19,Kochi,5.0,519.0,29.4,False,False,mdy
415,Bina Chaudhary,26.0,Female,Bike,2023-09-01,Coimbatore,4.4,739.0,50.3,True,False,ambiguous_dmy_assumed
416,Qabil Sem,29.0,Female,Bicycle,2024-12-27,Nagpur,4.0,1280.0,56.5,False,False,mdy
417,Tanmayi Baral,23.0,Female,Scooter,2024-08-25,Guwahati,3.6,499.0,19.1,False,False,mdy
418,Vedika Patla,18.0,Male,Bicycle,2022-02-23,Delhi,4.4,637.0,25.7,False,False,ymd
419,Janya Shanker,28.0,Male,Bike,2023-08-24,Nashik,4.1,561.0,34.0,False,False,fallback
420,Oni Zachariah,39.0,Male,Car,2022-09-15,Vadodara,,934.0,39.9,False,False,mdy
421,Suhani Dhillon,36.0,Male,Bike,2024-12-07,Guwahati,4.3,582.0,16.9,False,False,ymd
422,Tanish Narain,18.0,Female,Bike,2022-10-30,Guwahati,3.7,437.0,48.4,False,False,fallback
423,Mugdha Bhagat,22.0,Female,Bike,2024-08-10,Jaipur,3.3,520.0,32.6,False,False,ymd
424,Azaan Wable,38.0,Female,Bike,2024-05-17,Lucknow,4.2,931.0,37.6,False,False,fallback
425,Gaurika Patil,26.0,Male,Scooter,2023-12-23,Nagpur,3.8,893.0,49.3,False,False,dmy
426,ekani thakkar,24.0,Male,Bike,2023-10-31,Pune,3.9,978.0,38.2,False,False,mdy
427,Noah Garde,23.0,Female,Scooter,2025-01-05,Surat,4.3,1235.0,42.3,False,False,ymd
428,Daksha Trivedi,27.0,Male,Scooter,2024-02-26,Ahmedabad,4.1,386.0,30.0,False,False,fallback
429,Madhavi Mani,34.0,Female,Bike,2022-01-17,Bengaluru,5.0,654.0,19.4,False,False,dmy
430,Nirja Acharya,20.0,Female,Bike,2023-01-06,Ludhiana,4.7,273.0,32.4,False,False,ymd
431,Onveer Sunder,29.0,Female,Bike,2022-06-13,Chennai,4.3,250.0,14.6,False,False,dmy
432,vasudha sidhu,26.0,Male,Bike,2023-12-31,Nagpur,4.6,390.0,27.9,False,False,ymd
433,Indali Ramachandran,39.0,Male,Scooter,2024-02-05,Chennai,3.8,421.0,34.6,True,False,ambiguous_dmy_assumed
434,Lakshit Jain,18.0,Male,Scooter,2021-08-10,Jaipur,4.5,265.0,18.6,False,False,fallback
435,Nikita Kala,26.0,Male,Bike,2021-06-01,Nashik,3.8,579.0,28.6,True,False,ambiguous_dmy_assumed
436,Meghana Bedi,38.0,Male,Bike,2023-01-07,Raipur,3.8,438.0,25.4,True,False,ambiguous_dmy_assumed
437,Bhavini Wagle,23.0,Male,Bike,2025-01-10,Indore,4.1,319.0,27.2,False,False,ymd
438,Chakrika Date,31.0,Female,Bike,2022-02-02,Bhubaneswar,3.4,1175.0,43.7,False,False,ymd
439,VEDA RAMAN,27.0,Female,Bike,2022-10-01,Indore,3.7,795.0,46.1,True,False,ambiguous_dmy_assumed
440,Charita Wali,31.0,Male,Bicycle,2022-09-26,Bhopal,4.2,502.0,30.3,False,False,ymd
441,Upma Ramakrishnan,32.0,Male,Bicycle,2024-07-27,Nagpur,3.9,816.0,16.2,False,False,ymd
442,Wriddhish Yadav,39.0,Female,Bike,2022-04-29,Vadodara,4.4,391.0,39.8,False,False,mdy
443,Raksha Rana,29.0,Male,Bike,2024-12-21,Indore,4.0,240.0,41.6,False,False,dmy
444,Qabil Divan,31.0,Male,Bike,2024-04-09,Jaipur,3.8,686.0,21.4,False,False,ymd
445,Utkarsh Khurana,31.0,Female,Car,2023-08-12,Surat,4.3,1063.0,29.3,False,False,ymd
446,Yagnesh Vaidya,26.0,Male,Bike,2024-02-11,Bhubaneswar,4.1,526.0,26.0,True,False,ambiguous_dmy_assumed
447,Bhanumati Dhillon,22.0,Male,Bike,2023-01-01,Bengaluru,3.9,349.0,39.9,True,False,ambiguous_dmy_assumed
448,Jack Cherian,26.0,Female,Bike,2024-03-23,Chennai,3.7,572.0,32.1,False,False,dmy
449,Gauri Sastry,32.0,Male,Car,2024-09-07,Indore,5.0,614.0,40.5,True,False,ambiguous_dmy_assumed
450,Samaksh Memon,23.0,Female,Bike,2021-07-12,Vadodara,3.9,425.0,27.6,True,False,ambiguous_dmy_assumed
451,Tara Majumdar,31.0,Female,Scooter,2024-05-12,Nashik,4.0,410.0,32.3,False,False,ymd
452,Benjamin Deep,26.0,Female,Bike,2022-05-22,Guwahati,4.4,664.0,49.3,False,False,ymd
453,Christopher Ravel,29.0,Female,Bike,2021-06-06,Chennai,4.4,193.0,19.8,False,False,fallback
454,Nitesh Devi,22.0,Female,Bike,2023-04-15,Nashik,4.0,587.0,22.3,False,False,mdy
455,Chandran Vig,33.0,Male,Scooter,2022-05-26,Jaipur,4.2,362.0,36.9,False,False,ymd
456,Teerth Rao,21.0,Female,Car,2022-01-21,Delhi,4.4,212.0,11.4,False,False,dmy
457,Manthan Minhas,27.0,Male,Bike,2021-10-22,Nashik,4.4,179.0,44.4,False,False,ymd
458,Lavanya Mani,32.0,Female,Bike,2022-02-13,Mumbai,3.6,695.0,18.0,False,False,mdy
459,Omkaar Mammen,30.0,Female,Scooter,2023-04-24,Kolkata,4.3,843.0,23.5,False,False,dmy
460,Dominic Parmer,34.0,Female,Bike,2022-12-15,Ahmedabad,3.6,427.0,26.7,False,False,dmy
461,Anika Chopra,27.0,Female,Scooter,2024-05-15,Ludhiana,4.3,753.0,44.1,False,False,dmy
462,Edhitha Khurana,28.0,Female,Bike,2022-07-09,Jaipur,4.3,235.0,17.8,False,False,ymd
463,Dayita Mukherjee,35.0,Male,Bicycle,2022-07-07,Bhubaneswar,4.7,420.0,38.3,False,False,ymd
464,Damyanti Parmar,18.0,Male,Scooter,2021-07-23,Bhubaneswar,4.1,520.0,30.6,False,False,ymd
465,Vanya Palan,25.0,Male,Bicycle,2023-07-30,Ahmedabad,3.9,518.0,48.6,False,False,ymd
466,Avni Sekhon,35.0,Female,Bicycle,2022-01-05,Kochi,4.0,578.0,27.3,False,False,fallback
467,Maanav Patla,37.0,Male,Bike,2023-09-26,Surat,4.4,621.0,21.9,False,False,dmy
468,Yashodhara Sidhu,22.0,Female,Bike,2023-08-19,Lucknow,4.4,700.0,56.2,False,False,dmy
469, Nilima Gill  ,35.0,Male,Bicycle,2022-03-16,Coimbatore,4.5,589.0,38.9,False,False,dmy
470,Yasti Sem,39.0,Female,Bike,2023-07-23,Bhopal,4.2,372.0,26.6,False,False,dmy
471,Chakradhar Shetty,23.0,Male,Bike,2025-03-09,Lucknow,4.1,718.0,33.1,True,False,ambiguous_dmy_assumed
472,Manbir Aurora,33.0,Male,Bike,2022-06-06,Chennai,,1162.0,49.4,False,False,ymd
473,Parth Shenoy,31.0,Female,Bike,2023-01-12,Nashik,4.6,739.0,23.8,False,False,ymd
474,Keya Talwar,25.0,Female,Scooter,2023-06-04,Chennai,3.9,1256.0,29.9,True,False,ambiguous_dmy_assumed
475,Owen Dube,35.0,Female,Bicycle,2022-10-14,Vadodara,5.0,265.0,31.2,False,False,ymd
476,Omkaar Rau,34.0,Male,Bike,2023-01-02,Kochi,4.5,731.0,25.6,False,False,fallback
477,Aishani Pillay,27.0,Female,Car,2023-09-07,Nashik,3.7,440.0,38.9,True,False,ambiguous_dmy_assumed
478,Aryan Vora,27.0,Female,Bike,2022-12-24,Patna,3.7,803.0,33.5,False,False,ymd
479,Sarthak Venkatesh,30.0,Male,Bicycle,2022-05-26,Jaipur,4.4,510.0,37.4,False,False,ymd
480,Charvi Zacharia,25.0,Female,Bike,2022-06-04,Kolkata,4.3,771.0,26.6,True,False,ambiguous_dmy_assumed
481,Wyatt Mohan,26.0,Male,Scooter,2022-07-23,Ludhiana,4.8,221.0,42.4,False,False,fallback
482,Damini Nadkarni,27.0,Male,Bike,2023-01-26,Visakhapatnam,4.7,308.0,37.8,False,False,mdy
483,Ubika Pathak,29.0,Male,Scooter,2023-11-13,Visakhapatnam,3.9,119.0,43.1,False,False,ymd
484,Viraj Keer,18.0,Male,Bike,2021-12-12,Surat,4.4,1075.0,32.5,False,False,ymd
485,Harsh Tiwari,24.0,Male,Scooter,2023-08-18,Nagpur,4.1,699.0,29.3,False,False,dmy
486,Turvi Nayak,21.0,Male,Scooter,2021-07-20,Hyderabad,3.5,274.0,24.7,False,False,ymd
487,Frado Buch,22.0,Female,Bike,2023-05-20,Ludhiana,4.4,387.0,37.8,False,False,fallback
488,Yuvraj Sabharwal,23.0,Male,Scooter,2024-05-20,Indore,4.6,1018.0,41.7,False,False,dmy
489,Advay Divan,36.0,Female,Bike,2023-12-13,Ludhiana,3.8,218.0,25.2,False,False,dmy
490,Vamakshi Cherian,24.0,Female,Bike,2022-07-26,Patna,4.6,416.0,29.7,False,False,fallback
491,Bishakha Ramakrishnan,26.0,Male,Bike,2023-07-10,Raipur,4.3,267.0,25.7,True,False,ambiguous_dmy_assumed
492,Vaishnavi Ben,36.0,Female,Bike,2023-12-19,Mumbai,4.9,767.0,36.6,False,False,dmy
493,vrishti dara,31.0,Male,Scooter,2022-10-13,Nashik,4.8,495.0,29.1,False,False,ymd
494,Harshil Vyas,26.0,Female,Bike,2024-01-21,Mumbai,3.7,296.0,36.1,False,False,mdy
495,Dayamai Dhillon,22.0,Male,Bike,2025-02-23,Patna,4.5,540.0,29.3,False,False,dmy
496,Ikbal Kade,29.0,Male,Scooter,2023-04-20,Guwahati,3.5,356.0,25.7,False,False,dmy
497,Samaksh Sachar,26.0,Male,Bike,2023-09-02,Chennai,4.6,1013.0,44.4,True,False,ambiguous_dmy_assumed
498,Max Swaminathan,29.0,Male,Bike,2023-06-21,Indore,5.0,194.0,37.9,False,False,dmy
499,Rajata Banik,35.0,Male,Bike,2023-02-12,Chandigarh,4.0,388.0,46.6,False,False,fallback
500,Arin Prasad,28.0,Female,Bicycle,2022-09-29,Mumbai,3.9,428.0,20.5,False,False,dmy
501,Geetika Dhawan,18.0,Female,Car,2022-10-09,Bhopal,,295.0,,False,False,ymd
502,Yoshita Doctor,38.0,Female,Car,2024-08-15,Kochi,3.6,467.0,24.3,False,False,ymd
503,Vrishti Rout,26.0,Male,Bicycle,2025-01-17,Delhi,4.4,877.0,47.6,False,False,ymd
504,Gauri Chacko,26.0,Female,Car,2023-06-01,Bhopal,3.9,920.0,10.0,False,False,fallback
505,OWEN CHAR,23.0,Female,Bicycle,2024-08-29,Jaipur,4.6,533.0,32.7,False,False,ymd
506,URISHILLA PRASHAD,28.0,Male,Car,2022-07-09,Coimbatore,4.7,300.0,33.8,True,False,ambiguous_dmy_assumed
507,Peter Deshmukh,29.0,Male,Bike,2023-09-25,Vadodara,4.1,517.0,31.6,False,False,mdy
508,Henry Wali,33.0,Female,Bike,2022-01-03,Ahmedabad,4.2,1181.0,41.9,True,False,ambiguous_dmy_assumed
509,Tripti Tank,27.0,Male,Bike,2022-04-16,Nashik,4.1,519.0,40.9,False,False,mdy
510,Jagvi Baral,29.0,Male,Bike,2023-01-26,Visakhapatnam,4.1,496.0,31.0,False,False,dmy
511,Ira Nayar,32.0,Female,Bicycle,2024-01-10,Mumbai,4.7,292.0,25.8,False,False,ymd
512,Krisha Gill,30.0,Female,Scooter,2024-07-23,Bhopal,3.9,526.0,26.9,False,False,mdy
513,Vihaan Dey,30.0,Male,Bicycle,2022-12-05,Pune,4.1,381.0,35.7,True,False,ambiguous_dmy_assumed
514,Ekiya Malhotra,19.0,Male,Scooter,2023-09-12,Visakhapatnam,4.4,294.0,44.2,False,False,ymd
515,Yamini Sarna,22.0,Female,Bike,2022-01-31,Nashik,3.9,1327.0,27.9,False,False,ymd
516,Jasmit Vora,18.0,Female,Bike,2023-01-10,Coimbatore,4.5,443.0,27.6,False,False,ymd
517,Frederick Kala,31.0,Male,Bike,2022-05-31,Kolkata,4.2,456.0,15.2,False,False,ymd
518,Henry Nagy,24.0,Female,Bike,2024-09-02,Guwahati,4.6,341.0,34.0,True,False,ambiguous_dmy_assumed
519,Ekanta Bassi,38.0,Male,Bike,2024-04-13,Delhi,4.3,569.0,34.2,False,False,mdy
520,Chatura Chakraborty,25.0,Female,Bike,2023-02-18,Lucknow,3.7,256.0,30.1,False,False,fallback
521,Jasmit Mander,35.0,Male,Bike,2022-05-19,Coimbatore,4.5,355.0,31.2,False,False,ymd
522,Pallavi Bakshi,23.0,Male,Bike,2024-05-12,Coimbatore,3.9,339.0,16.3,False,False,ymd
523,Alka Grewal,25.0,Female,Bike,2025-02-14,Kolkata,4.5,614.0,40.9,False,False,dmy
524,Kashish Ravel,30.0,Female,Bicycle,2023-01-24,Pune,4.2,386.0,42.7,False,False,fallback
525,Ekanta Dayal,25.0,Female,Bike,2024-09-24,Nagpur,4.1,649.0,23.2,False,False,fallback
526,Manya Venkatesh,24.0,Female,Car,2024-08-05,Mumbai,4.3,1062.0,36.9,False,False,ymd
527,Anthony Thaman,30.0,Male,Bike,2021-08-24,Nagpur,5.0,1072.0,39.4,False,False,ymd
528,Pavani Dora,29.0,Male,Bike,2021-12-27,Vadodara,4.1,437.0,31.8,False,False,mdy
529,Chatresh Nanda,34.0,Female,Scooter,2023-01-10,Jaipur,4.3,975.0,35.6,True,False,ambiguous_dmy_assumed
530,Fiyaz Bhattacharyya,26.0,Male,Bike,2021-08-11,Chandigarh,3.9,921.0,41.1,True,False,ambiguous_dmy_assumed
531,Abdul Bajaj,29.0,Male,Bike,2021-10-08,Chennai,4.4,641.0,42.2,True,False,ambiguous_dmy_assumed
532,Logan Nagy,19.0,Female,Bike,2021-09-19,Hyderabad,4.0,906.0,32.7,False,False,ymd
533,Aadi Reddy,32.0,Male,Bike,2024-01-27,Raipur,4.9,692.0,24.8,False,False,dmy
534,Ryan Kala,30.0,Male,Bike,2021-10-16,Mumbai,4.8,492.0,25.1,False,False,ymd
535,Jason Mann,28.0,Female,Bike,2022-08-10,Visakhapatnam,4.0,639.0,23.8,True,False,ambiguous_dmy_assumed
536,Guneet Wali,35.0,Female,Bike,2024-12-17,Hyderabad,3.8,304.0,24.5,False,False,ymd
537,RACHITA BALA,28.0,Female,Bike,2021-12-13,Bhubaneswar,4.7,789.0,38.3,False,False,ymd
538,Gautami Nadkarni,24.0,Male,Car,2023-08-10,Indore,3.4,460.0,31.3,True,False,ambiguous_dmy_assumed
539,Jagdish Wagle,30.0,Female,Scooter,2023-08-13,Chennai,3.8,810.0,34.3,False,False,ymd
540,Mekhala Chaudhary,24.0,Male,Bike,2023-06-05,Nagpur,4.2,375.0,35.7,False,False,ymd
541,Jasmit Agate,19.0,Female,Scooter,2024-11-28,Lucknow,3.9,612.0,29.4,False,False,mdy
542,yashica more,34.0,Female,Scooter,2024-09-20,Indore,4.2,467.0,30.9,False,False,dmy
543,Ishani Pall,33.0,Female,Bike,2023-04-11,Guwahati,4.2,448.0,30.6,True,False,ambiguous_dmy_assumed
544,Kiaan Ranganathan,29.0,Female,Scooter,2023-07-22,Raipur,4.7,1601.0,40.0,False,False,ymd
545,Avi Misra,32.0,Male,Bike,2023-10-01,Bhubaneswar,3.9,658.0,35.6,True,False,ambiguous_dmy_assumed
546,Zansi Mallick,30.0,Female,Bicycle,2021-07-01,Kolkata,4.3,205.0,20.3,True,False,ambiguous_dmy_assumed
547,Warjas Baria,31.0,Male,Bike,2024-06-10,Bengaluru,4.4,690.0,35.8,False,False,fallback
548,Ekta Gola,34.0,Female,Bike,2023-07-17,Visakhapatnam,4.2,548.0,46.6,False,False,mdy
549,Sara Saha,27.0,Male,Bicycle,2024-10-17,Surat,3.8,402.0,36.4,False,False,fallback
550,Sachi Narayanan,32.0,Male,Bike,2023-07-14,Nagpur,4.1,739.0,24.8,False,False,ymd
551,Meghana Pai,29.0,Female,Bicycle,2022-10-05,Surat,3.8,214.0,36.8,True,False,ambiguous_dmy_assumed
552,Tanmayi Vyas,28.0,Male,Bike,2023-10-04,Mumbai,4.5,684.0,25.0,False,False,fallback
553,Rudra Kohli,28.0,Female,Scooter,2025-03-16,Vadodara,4.0,222.0,43.2,False,False,fallback
554,Inaya Virk,30.0,Female,Bicycle,2023-11-10,Patna,3.6,623.0,32.4,False,False,ymd
555,Vaishnavi Pant,39.0,Male,Bike,2024-04-19,Mumbai,3.9,574.0,39.3,False,False,dmy
556,Yahvi Balan,35.0,Female,Bike,2024-08-30,Ahmedabad,4.0,536.0,26.1,False,False,ymd
557,Onveer Mand,36.0,Male,Scooter,2023-03-25,Indore,3.7,461.0,36.4,False,False,dmy
558,Azaan Bedi,36.0,Female,Bike,2023-04-09,Bengaluru,4.6,654.0,23.5,False,False,fallback
559,Advika Loyal,31.0,Female,Bike,2021-06-22,Mumbai,3.7,752.0,32.1,False,False,dmy
560,Omya Patla,23.0,Male,Bicycle,2022-11-05,Chandigarh,4.1,326.0,27.8,True,False,ambiguous_dmy_assumed
561,Balendra Pandit,27.0,Male,Bike,2023-09-07,Chennai,4.6,370.0,29.2,False,False,ymd
562,Gaurang Verma,21.0,Male,Car,2023-10-15,Jaipur,4.1,821.0,30.4,False,False,mdy
563,Yamini Banerjee,32.0,Female,Bike,2021-06-04,Ludhiana,4.7,742.0,,False,False,ymd
564,Ojas Pant,28.0,Male,Scooter,2024-04-09,Guwahati,3.8,552.0,46.0,False,False,ymd
565,Mahika Mitter,35.0,Female,Bike,2025-03-15,Indore,4.4,235.0,34.8,False,False,dmy
566, Harshil Manda  ,27.0,Female,Bike,2024-08-10,Indore,3.6,253.0,29.4,False,False,ymd
567,Yashvi Yadav,31.0,Male,Bicycle,2022-01-11,Nashik,3.6,775.0,33.4,True,False,ambiguous_dmy_assumed
568,Krishna Vaidya,26.0,Female,Scooter,2021-06-08,Nashik,4.7,784.0,24.5,True,False,ambiguous_dmy_assumed
569,Advay Chandran,18.0,Male,Scooter,2024-11-10,Indore,4.2,823.0,34.4,False,False,fallback
570, Panini Mody  ,24.0,Male,Scooter,2022-06-15,Surat,4.1,864.0,30.2,False,False,dmy
571,yashica narayanan,25.0,Female,Bike,2022-05-04,Kolkata,4.2,800.0,28.7,False,False,ymd
572,Wriddhish Patil,20.0,Female,Bike,2022-10-09,Chennai,3.9,615.0,46.7,True,False,ambiguous_dmy_assumed
573,Jonathan Loyal,30.0,Male,Bike,2021-08-06,Delhi,4.6,489.0,46.2,True,False,ambiguous_dmy_assumed
574,Gopal Prakash,39.0,Female,Bike,2023-11-16,Lucknow,4.2,592.0,48.5,False,False,fallback
575,Chasmum Shroff,28.0,Male,Scooter,2024-08-25,Coimbatore,5.0,736.0,33.4,False,False,dmy
576,Prisha Saxena,24.0,Female,Bike,2021-12-29,Lucknow,3.6,866.0,18.2,False,False,dmy
577,Girik Badami,35.0,Female,Bike,2024-04-23,Ludhiana,4.4,1133.0,41.4,False,False,ymd
578,Samarth Kara,27.0,Female,Bicycle,2023-11-11,Pune,4.0,673.0,25.1,False,False,fallback
579,Viraj Bhatnagar,20.0,Female,Bike,2021-12-17,Lucknow,4.5,339.0,47.9,False,False,dmy
580,Gautam Sheth,31.0,Male,Scooter,2023-07-18,Kolkata,3.5,880.0,46.5,False,False,dmy
581,Kalpit Prabhakar,31.0,Female,Bike,2023-06-14,Surat,4.0,308.0,43.2,False,False,ymd
582,Eta Mall,22.0,Male,Scooter,2025-03-17,Kochi,4.8,537.0,26.2,False,False,dmy
583,Praneel Krishnan,25.0,Female,Bike,2024-09-30,Lucknow,3.7,359.0,31.3,False,False,dmy
584,Charita Gade,23.0,Male,Bicycle,2021-12-19,Nashik,3.7,1022.0,27.1,False,False,fallback
585,Ucchal Wagle,29.0,Female,Bicycle,2022-10-28,Chandigarh,4.6,554.0,22.2,False,False,mdy
586,Chakradev Singhal,31.0,Male,Bike,2021-06-02,Chandigarh,5.0,1130.0,33.8,False,False,fallback
587,Sneha Bhattacharyya,29.0,Male,Bike,2024-06-26,Nagpur,3.6,224.0,25.2,False,False,dmy
588,Onveer Mallick,26.0,Female,Scooter,2023-09-03,Nagpur,3.7,902.0,36.0,False,False,ymd
589,Amaira Gera,31.0,Female,Bike,2024-10-26,Surat,4.2,177.0,35.5,False,False,ymd
590,Indrajit Sethi,32.0,Female,Bike,2024-06-05,Nagpur,4.1,1225.0,29.3,False,False,ymd
591,Meghana Thaman,34.0,Male,Bike,2024-03-09,Patna,4.5,275.0,24.2,True,False,ambiguous_dmy_assumed
592,Omkaar Madan,38.0,Female,Bike,2022-09-07,Patna,3.9,875.0,15.5,False,False,fallback
593,Rishi Grewal,18.0,Male,Bike,2022-05-23,Nashik,4.1,380.0,20.6,False,False,mdy
594,Ekta Bhandari,24.0,Male,Car,2025-02-21,Raipur,4.2,664.0,32.5,False,False,ymd
595,Balendra Borra,35.0,Male,Bike,2024-06-11,Mumbai,5.0,256.0,36.5,False,False,ymd
596,Kevin Dada,34.0,Male,Bike,2024-03-10,Kolkata,4.5,404.0,31.4,False,False,fallback
597,Lavanya Kashyap,30.0,Female,Bike,2023-09-19,Bengaluru,4.5,829.0,36.6,False,False,ymd
598,Krish Bedi,27.0,Female,Bike,2023-12-02,Indore,4.5,482.0,23.1,True,False,ambiguous_dmy_assumed
599,Ubika Chatterjee,28.0,Female,Bike,2022-08-22,Delhi,4.6,928.0,26.6,False,False,dmy
600,Chanchal Sankaran,27.0,Female,Bike,2023-06-21,Patna,3.8,161.0,26.2,False,False,fallback
601,Wazir Manne,22.0,Female,Scooter,2024-05-21,Hyderabad,3.9,554.0,34.1,False,False,dmy
602,Liam Edwin,18.0,Male,Scooter,2023-10-06,Kochi,4.7,608.0,44.9,True,False,ambiguous_dmy_assumed
603,Bhanumati Thakur,29.0,Male,Bike,2022-05-06,Chennai,3.7,348.0,46.3,True,False,ambiguous_dmy_assumed
604,Onkar Kari,19.0,Female,Bike,2023-08-29,Jaipur,3.9,574.0,38.2,False,False,ymd
605,Sanya Sankaran,34.0,Male,Car,2022-11-23,Jaipur,3.9,628.0,39.8,False,False,fallback
606,Niharika Parikh,23.0,Male,Scooter,2023-09-30,Kochi,4.3,401.0,27.1,False,False,dmy
607,Tanveer Chauhan,28.0,Male,Bike,2023-03-15,Jaipur,5.0,579.0,31.1,False,False,dmy
608,Siya Mangal,31.0,Female,Scooter,2022-11-14,Bhubaneswar,4.6,397.0,35.5,False,False,dmy
609,Champak Modi,29.0,Male,Bicycle,2023-03-11,Jaipur,4.6,280.0,49.5,True,False,ambiguous_dmy_assumed
610,Ethan Srinivasan,37.0,Male,Scooter,2021-11-08,Vadodara,4.4,457.0,22.2,True,False,ambiguous_dmy_assumed
611,Frado Soman,28.0,Female,Bike,2024-06-22,Vadodara,3.9,708.0,49.9,False,False,ymd
612,Rachita Hans,26.0,Male,Scooter,2024-10-14,Kolkata,3.6,547.0,15.6,False,False,dmy
613,Vasatika Goda,23.0,Female,Scooter,2022-05-18,Raipur,4.3,1082.0,,False,False,fallback
614,Chandresh Samra,24.0,Female,Bike,2023-01-04,Ahmedabad,4.1,1125.0,31.0,True,False,ambiguous_dmy_assumed
615,Ira Som,25.0,Female,Car,2025-03-14,Delhi,4.5,321.0,35.9,False,False,mdy
616,Zehaan Mital,26.0,Female,Bicycle,2024-04-24,Delhi,4.3,215.0,40.7,False,False,mdy
617,Arunima Varkey,32.0,Male,Bike,2022-06-23,Coimbatore,4.2,289.0,33.6,False,False,dmy
618,Veda Sant,28.0,Male,Scooter,2022-12-07,Pune,4.4,652.0,10.0,True,False,ambiguous_dmy_assumed
619,Yasti Mander,27.0,Male,Bicycle,2021-12-07,Ahmedabad,4.1,297.0,43.8,False,False,ymd
620,Sai Jhaveri,32.0,Male,Scooter,2022-02-10,Chandigarh,4.0,692.0,38.6,False,False,ymd
621,Aarnav Andra,23.0,Male,Bike,2023-03-03,Bhubaneswar,3.3,523.0,48.3,False,False,ymd
622,Ayaan Agarwal,32.0,Male,Bike,2022-12-20,Surat,4.6,506.0,38.3,False,False,fallback
623,Ishita Iyengar,30.0,Male,Bike,2024-06-01,Vadodara,4.7,482.0,31.7,False,False,fallback
624,gauri dyal,26.0,Female,Bike,2021-09-22,Patna,4.7,481.0,38.1,False,False,mdy
625,Manya Prabhu,30.0,Male,Scooter,2023-04-10,Raipur,4.0,389.0,19.7,False,False,ymd
626,Advaith Nagy,22.0,Female,Bicycle,2024-07-04,Hyderabad,4.4,577.0,40.7,False,False,ymd
627,Triya Mahajan,35.0,Female,Bike,2023-03-02,Lucknow,4.3,1150.0,32.0,False,False,ymd
628,Raksha Mallick,27.0,Male,Bicycle,2024-09-26,Chennai,4.3,315.0,49.0,False,False,dmy
629,Banjeet Dada,24.0,Female,Scooter,2023-06-06,Pune,3.8,383.0,23.7,True,False,ambiguous_dmy_assumed
630,Ati Vora,27.0,Male,Scooter,2022-12-09,Delhi,4.1,389.0,26.2,True,False,ambiguous_dmy_assumed
631,Vasatika Sharaf,26.0,Female,Scooter,2023-04-07,Raipur,3.7,391.0,38.8,False,False,ymd
632, Advaith Agrawal  ,28.0,Male,Scooter,2022-05-13,Chennai,4.6,474.0,28.1,False,False,dmy
633,Girish Mani,28.0,Male,Car,2022-09-30,Kochi,4.0,875.0,45.2,False,False,ymd
634,Arya Agarwal,25.0,Female,Scooter,2023-06-25,Visakhapatnam,5.0,958.0,40.5,False,False,ymd
635,Chakrika Swaminathan,38.0,Female,Bike,2023-09-09,Vadodara,4.8,487.0,31.3,True,False,ambiguous_dmy_assumed
636,Rehaan Patla,26.0,Female,Bike,2022-08-01,Ahmedabad,3.8,736.0,10.0,True,False,ambiguous_dmy_assumed
637,Dayamai Krishnan,23.0,Male,Scooter,2024-02-21,Patna,4.3,745.0,38.8,False,False,mdy
638,Wishi Sani,18.0,Female,Bike,2022-09-12,Coimbatore,4.9,448.0,37.0,False,False,fallback
639,Vyanjana Deep,34.0,Male,Bike,2023-11-29,Indore,4.4,689.0,39.6,False,False,fallback
640,Ranbir Atwal,18.0,Male,Bike,2025-01-28,Pune,3.6,466.0,41.6,False,False,dmy
641,Bishakha Thaman,25.0,Female,Bike,2024-01-17,Hyderabad,4.4,230.0,33.0,False,False,ymd
642,Ganga Aurora,27.0,Male,Bike,2023-04-05,Nagpur,4.1,294.0,25.3,True,False,ambiguous_dmy_assumed
643,Yahvi Anne,26.0,Male,Bike,2023-04-02,Coimbatore,4.7,960.0,26.6,True,False,ambiguous_dmy_assumed
644,Jyoti Bora,31.0,Male,Bike,2023-02-14,Vadodara,3.9,458.0,42.5,False,False,fallback
645,Ria Chokshi,27.0,Female,Bicycle,2023-06-10,Ahmedabad,3.4,252.0,10.5,False,False,ymd
646,Tara Vig,26.0,Female,Bike,2022-04-01,Nagpur,3.6,885.0,35.3,False,False,ymd
647,Saanvi Sharma,25.0,Female,Car,2022-05-06,Indore,4.2,849.0,26.3,False,False,ymd
648,Jagdish Pathak,29.0,Female,Bike,2023-01-19,Hyderabad,4.2,889.0,41.6,False,False,dmy
649,Qushi Sunder,24.0,Male,Scooter,2021-06-10,Ludhiana,3.6,1262.0,33.1,False,False,fallback
650,Anusha Andra,33.0,Female,Bike,2021-07-07,Bengaluru,4.1,292.0,32.9,True,False,ambiguous_dmy_assumed
651,pooja deshmukh,18.0,Female,Bike,2021-12-22,Ludhiana,3.5,411.0,19.3,False,False,fallback
652,Bhavini Ahuja,27.0,Male,Car,2024-04-08,Nashik,3.9,1296.0,30.6,False,False,ymd
653,Wazir Kulkarni,26.0,Female,Scooter,2024-05-20,Ludhiana,4.5,408.0,30.8,False,False,fallback
654,Meera Saxena,28.0,Male,Bicycle,2024-09-09,Indore,4.6,821.0,35.0,True,False,ambiguous_dmy_assumed
655,Advaith Mall,18.0,Male,Bike,2021-08-09,Pune,4.5,306.0,34.1,False,False,ymd
656,Nimrat Wadhwa,31.0,Female,Bike,2023-11-19,Coimbatore,4.9,454.0,46.7,False,False,ymd
657,Yasti Gaba,32.0,Female,Bike,2024-07-22,Mumbai,3.9,293.0,16.3,False,False,mdy
658,Maanav Bhargava,31.0,Female,Bike,2022-12-27,Vadodara,4.0,923.0,27.6,False,False,ymd
659,Isaiah Sachdeva,23.0,Male,Bike,2022-07-03,Guwahati,4.4,471.0,24.8,True,False,ambiguous_dmy_assumed
660,Ronith Lall,32.0,Male,Bike,2023-11-13,Ahmedabad,4.7,620.0,40.2,False,False,mdy
661,URISHILLA BADAMI,37.0,Male,Scooter,2024-02-16,Mumbai,4.1,294.0,31.6,False,False,mdy
662,Dayamai Patel,33.0,Female,Bicycle,2022-09-10,Bhubaneswar,4.5,1016.0,22.1,False,False,ymd
663, Nakul Bhatt  ,19.0,Female,Bike,2022-12-21,Lucknow,3.5,1595.0,30.5,False,False,fallback
664,Anusha Vyas,25.0,Female,Bike,2021-10-08,Surat,3.9,1173.0,34.1,False,False,ymd
665,Unnati Ganesan,29.0,Female,Bicycle,2023-01-16,Nagpur,4.6,441.0,37.6,False,False,ymd
666,Neelima Dhaliwal,25.0,Male,Scooter,2021-06-03,Pune,4.1,280.0,38.6,False,False,fallback
667, Balendra Koshy  ,22.0,Male,Bicycle,2024-12-06,Guwahati,3.6,836.0,23.5,True,False,ambiguous_dmy_assumed
668,Chaitanya Keer,25.0,Male,Bike,2025-01-30,Pune,4.2,623.0,38.9,False,False,ymd
669,Henry Pai,30.0,Female,Scooter,2021-10-27,Ahmedabad,4.9,495.0,23.5,False,False,dmy
670,Avi Dhaliwal,35.0,Female,Car,2023-12-04,Kochi,4.3,231.0,49.7,False,False,fallback
671,Orinder Randhawa,30.0,Male,Scooter,2024-12-27,Kolkata,4.4,771.0,36.5,False,False,ymd
672,Kai Shan,25.0,Female,Scooter,2024-12-09,Indore,3.8,356.0,,True,False,ambiguous_dmy_assumed
673,Zarna Karpe,35.0,Female,Bike,2023-04-04,Chennai,4.1,1061.0,15.5,False,False,fallback
674,Januja Mani,28.0,Female,Bike,2024-02-10,Bengaluru,4.1,389.0,35.1,True,False,ambiguous_dmy_assumed
675,Simon Bhardwaj,34.0,Female,Bike,2021-11-14,Pune,4.3,553.0,47.0,False,False,ymd
676,Hitesh Sethi,30.0,Male,Bike,2023-12-12,Visakhapatnam,4.1,222.0,28.8,True,False,ambiguous_dmy_assumed
677,Udyati Dara,31.0,Male,Bike,2021-08-12,Nagpur,4.5,734.0,34.9,False,False,ymd
678,Rajata Raju,27.0,Female,Scooter,2023-05-04,Patna,,802.0,38.1,False,False,fallback
679,Varenya Solanki,18.0,Female,Bike,2022-12-06,Nashik,4.1,1093.0,35.8,True,False,ambiguous_dmy_assumed
680,Nisha Srinivasan,27.0,Female,Bike,2023-01-26,Pune,3.8,734.0,34.5,False,False,ymd
681,Deepa Deo,24.0,Female,Bicycle,2023-06-08,Chennai,4.0,274.0,29.0,True,False,ambiguous_dmy_assumed
682,Saanvi Rajagopal,18.0,Female,Scooter,2022-02-07,Delhi,4.3,353.0,34.1,False,False,ymd
683,Kalpit Mitter,20.0,Female,Bicycle,2024-11-23,Delhi,4.7,523.0,26.8,False,False,ymd
684,CHANCHAL HALDER,34.0,Male,Bike,2023-06-23,Bengaluru,4.6,1300.0,24.7,False,False,dmy
685,Akshay Sheth,35.0,Male,Bike,2023-04-24,Raipur,4.2,246.0,32.2,False,False,dmy
686,Udyati Varty,31.0,Male,Bike,2021-08-20,Pune,4.0,548.0,19.4,False,False,fallback
687,Yahvi Tella,28.0,Male,Bike,2022-12-25,Hyderabad,4.4,853.0,47.7,False,False,ymd
688,Indali Ratti,33.0,Female,Bike,2024-01-04,Coimbatore,4.2,533.0,21.8,True,False,ambiguous_dmy_assumed
689,Yatan Andra,26.0,Female,Bike,2021-11-02,Surat,4.5,1458.0,28.1,True,False,ambiguous_dmy_assumed
690,Krisha Sharma,28.0,Female,Scooter,2025-01-03,Bhubaneswar,4.9,233.0,49.6,False,False,fallback
691,sarthak padmanabhan,33.0,Female,Bike,2024-06-20,Ludhiana,4.9,582.0,48.1,False,False,ymd
692,Yutika Sawhney,25.0,Male,Scooter,2024-08-11,Ludhiana,4.0,852.0,23.7,True,False,ambiguous_dmy_assumed
693,LOHIT BAJWA,21.0,Female,Bike,2022-02-14,Pune,3.7,326.0,32.7,False,False,mdy
694,Lucky Dhingra,27.0,Male,Scooter,2022-09-27,Patna,4.4,343.0,23.5,False,False,ymd
695,Januja Ramachandran,29.0,Male,Bike,2022-07-15,Kolkata,4.4,420.0,22.8,False,False,mdy
696,Daksh Sodhi,18.0,Female,Bike,2021-11-15,Chennai,4.2,466.0,29.1,False,False,ymd
697,Vasatika Balan,20.0,Male,Scooter,2023-11-10,Patna,4.2,602.0,32.9,False,False,ymd
698,Simon Datta,36.0,Male,Bike,2025-01-02,Surat,3.8,867.0,37.1,True,False,ambiguous_dmy_assumed
699,Darika Ramachandran,22.0,Female,Bike,2024-12-18,Vadodara,4.1,310.0,15.3,False,False,mdy
700,Aradhana Sastry,38.0,Female,Bike,2021-10-15,Ludhiana,4.8,262.0,46.8,False,False,ymd
701,Nirja Bhatia,29.0,Female,Scooter,2022-03-16,Nashik,4.1,320.0,28.6,False,False,dmy
702,Krishna Sahota,25.0,Male,Bike,2021-09-22,Nashik,4.7,639.0,20.5,False,False,fallback
703,Vritti Sunder,35.0,Female,Scooter,2021-07-10,Coimbatore,4.6,1106.0,39.6,False,False,fallback
704,Ayushman Misra,33.0,Male,Scooter,2022-08-03,Hyderabad,4.9,272.0,20.2,True,False,ambiguous_dmy_assumed
705,Chasmum Sahota,20.0,Male,Bike,2021-07-03,Coimbatore,3.8,550.0,36.3,True,False,ambiguous_dmy_assumed
706,Vritti Koshy,28.0,Female,Bike,2025-03-20,Coimbatore,4.9,401.0,36.2,False,False,mdy
707,Zaitra Sagar,31.0,Male,Scooter,2021-10-26,Bengaluru,3.6,1234.0,48.6,False,False,dmy
708,Samaksh Oak,18.0,Male,Bike,2021-09-26,Ahmedabad,3.7,151.0,38.3,False,False,fallback
709,Amara Vig,37.0,Female,Scooter,2022-03-10,Pune,4.5,457.0,20.5,False,False,fallback
710,George Kanda,26.0,Female,Bike,2024-09-17,Visakhapatnam,4.6,544.0,19.0,False,False,fallback
711,Omisha Manda,28.0,Male,Bike,2022-07-18,Pune,4.1,926.0,36.0,False,False,ymd
712,Turvi Bajaj,35.0,Male,Bike,2024-07-30,Visakhapatnam,4.2,431.0,45.7,False,False,ymd
713,Gautami Bawa,44.0,Female,Bike,2022-07-14,Visakhapatnam,3.5,177.0,42.9,False,False,fallback
714,Zilmil Sehgal,22.0,Female,Bicycle,2022-03-03,Kochi,4.4,150.0,32.1,True,False,ambiguous_dmy_assumed
715,Barkha Konda,19.0,Female,Scooter,2024-04-15,Kolkata,,1214.0,31.3,False,False,mdy
716,Dalbir Pathak,26.0,Male,Bike,2021-08-08,Nagpur,4.7,826.0,42.2,True,False,ambiguous_dmy_assumed
717,Chaaya Lall,25.0,Female,Bike,2024-05-26,Vadodara,4.3,1211.0,19.2,False,False,mdy
718,Watika Sant,21.0,Male,Scooter,2024-09-07,Delhi,4.2,861.0,28.8,False,False,ymd
719,Ethan Sethi,34.0,Male,Bike,2021-06-14,Chandigarh,4.4,416.0,42.3,False,False,ymd
720,Chaman Kar,24.0,Male,Bicycle,2022-11-08,Indore,4.0,1038.0,21.7,False,False,fallback
721,Nachiket Varghese,30.0,Female,Scooter,2024-04-23,Ludhiana,4.3,607.0,27.3,False,False,mdy
722,Xavier Konda,22.0,Female,Bike,2023-08-28,Lucknow,3.8,246.0,19.6,False,False,ymd
723,Fariq Chanda,32.0,Male,Scooter,2022-10-03,Guwahati,4.2,281.0,47.8,False,False,ymd
724,leena sharaf,29.0,Male,Bike,2024-03-22,Ludhiana,4.4,251.0,38.2,False,False,mdy
725,Bakhshi Sachdev,28.0,Male,Bike,2023-05-19,Visakhapatnam,3.9,1015.0,38.5,False,False,ymd
726,Qadim Mohanty,22.0,Female,Bike,2025-02-09,Jaipur,4.0,583.0,22.9,True,False,ambiguous_dmy_assumed
727,Bahadurjit Tara,29.0,Male,Bike,2022-11-06,Mumbai,3.7,302.0,34.6,True,False,ambiguous_dmy_assumed
728,Keya Thaman,28.0,Female,Scooter,2024-01-25,Bhopal,4.2,1210.0,45.9,False,False,dmy
729,Kala Bose,24.0,Male,Scooter,2024-08-25,Visakhapatnam,4.0,791.0,16.3,False,False,mdy
730,Dalaja Khurana,44.0,Male,Bicycle,2024-10-01,Lucknow,4.1,322.0,25.4,False,False,ymd
731,Nandini Basu,20.0,Female,Bicycle,2024-08-31,Kochi,4.2,249.0,27.0,False,False,ymd
732,Zinal Rai,30.0,Male,Bicycle,2023-10-31,Bhopal,4.1,482.0,26.8,False,False,fallback
733,Manthan Ratta,23.0,Female,Scooter,2024-05-28,Bengaluru,3.6,315.0,35.1,False,False,fallback
734,Zarna Rajan,30.0,Female,Bike,2022-05-22,Kochi,3.9,599.0,41.9,False,False,dmy
735,Brinda Bahl,18.0,Male,Bike,2024-04-24,Patna,3.6,709.0,37.0,False,False,ymd
736,Ryan Nanda,37.0,Male,Bike,2023-07-31,Bengaluru,,921.0,38.4,False,False,dmy
737,Anusha Pant,20.0,Male,Bicycle,2023-02-02,Bengaluru,3.2,689.0,18.4,False,False,ymd
738,chavvi tata,23.0,Female,Bicycle,2022-04-29,Nashik,4.5,482.0,33.3,False,False,mdy
739,Dipta Badami,24.0,Male,Bike,2024-04-06,Surat,3.7,511.0,40.9,True,False,ambiguous_dmy_assumed
740,Samesh Butala,33.0,Female,Scooter,2022-11-22,Lucknow,,80.0,31.4,False,False,dmy
741,Yasti Dhingra,37.0,Female,Bike,2022-08-02,Visakhapatnam,3.9,308.0,39.2,False,False,fallback
742,Pranav Gandhi,27.0,Male,Bike,2023-03-16,Mumbai,4.8,397.0,17.2,False,False,ymd
743,Aryan Bhalla,28.0,Male,Bike,2022-02-01,Delhi,3.9,263.0,27.4,False,False,fallback
744,Zansi Raval,33.0,Male,Bike,2021-06-27,Ludhiana,4.5,282.0,41.9,False,False,dmy
745,Gautami Chaudhary,18.0,Male,Bicycle,2024-08-02,Chennai,4.6,862.0,21.5,False,False,fallback
746,Widisha Tandon,25.0,Male,Bicycle,2023-05-24,Raipur,4.2,135.0,21.0,False,False,ymd
747,Manya Magar,21.0,Male,Bike,2022-09-26,Ludhiana,4.1,436.0,21.6,False,False,dmy
748,Madhavi Loyal,24.0,Female,Car,2023-09-16,Kolkata,4.6,185.0,23.2,False,False,dmy
749,Anya Devan,34.0,Female,Bicycle,2023-10-21,Ahmedabad,4.1,280.0,28.6,False,False,dmy
750,Jeet Mall,20.0,Female,Scooter,2022-07-24,Bhubaneswar,3.5,599.0,31.7,False,False,ymd
751,Bhavna Sidhu,26.0,Male,Bike,2023-05-19,Surat,4.0,1481.0,21.1,False,False,dmy
752,Veer Swaminathan,26.0,Male,Bike,2025-01-10,Coimbatore,4.4,445.0,43.0,False,False,ymd
753,Utkarsh Sunder,19.0,Male,Bicycle,2021-10-25,Lucknow,4.3,1320.0,44.4,False,False,fallback
754,Bishakha Tandon,22.0,Female,Bike,2024-11-23,Hyderabad,4.0,658.0,35.9,False,False,ymd
755,Kashvi Devi,25.0,Female,Bike,2021-07-05,Raipur,3.9,441.0,53.4,False,False,ymd
756,Yasti Grewal,18.0,Male,Bike,2022-01-10,Bengaluru,4.1,875.0,46.9,False,False,ymd
757,Balveer Bhatti,20.0,Male,Car,2022-03-26,Patna,4.5,387.0,33.9,False,False,ymd
758,Peter Suresh,32.0,Male,Bike,2024-03-27,Nagpur,3.5,495.0,24.8,False,False,mdy
759,Riya Sharma,33.0,Female,Bike,2023-05-30,Lucknow,4.1,540.0,18.1,False,False,dmy
760,Nirja Sahota,24.0,Female,Bike,2022-03-16,Delhi,,446.0,31.2,False,False,ymd
761,Ishwar Kumer,28.0,Male,Car,2024-11-15,Bhopal,4.3,621.0,32.2,False,False,fallback
762,Viraj Pal,30.0,Female,Bicycle,2021-06-21,Delhi,5.0,951.0,31.0,False,False,ymd
763,Ronith Chaudry,19.0,Female,Bike,2024-07-04,Kochi,4.1,471.0,32.8,True,False,ambiguous_dmy_assumed
764,Jacob Dave,18.0,Female,Scooter,2024-02-23,Vadodara,4.3,206.0,32.8,False,False,ymd
765,YASHICA MAND,26.0,Female,Bike,2023-06-04,Mumbai,4.1,109.0,19.1,True,False,ambiguous_dmy_assumed
766,Nikita Mani,33.0,Female,Scooter,2024-03-03,Pune,4.7,359.0,50.7,True,False,ambiguous_dmy_assumed
767,Chanakya Kashyap,32.0,Male,Bike,2024-06-11,Surat,4.2,977.0,27.8,True,False,ambiguous_dmy_assumed
768,Varenya Ram,20.0,Female,Car,2024-04-10,Delhi,4.1,413.0,23.8,False,False,fallback
769,Jai Naidu,31.0,Female,Scooter,2024-10-16,Patna,4.0,754.0,27.2,False,False,dmy
770,Zashil Upadhyay,34.0,Female,Bike,2021-10-25,Delhi,4.4,281.0,23.2,False,False,ymd
771,Watika Trivedi,24.0,Female,Bike,2024-07-21,Bhubaneswar,3.9,318.0,36.0,False,False,ymd
772,Ranbir Chana,34.0,Female,Bike,2022-05-07,Delhi,4.1,707.0,32.5,False,False,ymd
773,sanya walia,23.0,Male,Bike,2024-06-01,Bhopal,3.8,480.0,21.5,True,False,ambiguous_dmy_assumed
774,Jeevika Borah,23.0,Female,Bike,2024-11-22,Ahmedabad,3.9,642.0,34.7,False,False,fallback
775,Ekalinga Chana,19.0,Female,Bike,2023-07-26,Mumbai,4.9,992.0,36.9,False,False,fallback
776,Eta Bir,29.0,Female,Bike,2022-07-02,Bengaluru,,749.0,19.3,False,False,ymd
777,Upadhriti Mitra,22.0,Male,Bike,2021-06-06,Nashik,4.5,260.0,36.1,False,False,fallback
778,Lohit Rajan,20.0,Male,Scooter,2023-09-19,Indore,3.9,799.0,12.7,False,False,mdy
779,Wridesh Ramesh,34.0,Male,Bike,2023-02-22,Guwahati,4.5,468.0,37.9,False,False,ymd
780,Aryan Prabhu,24.0,Female,Scooter,2025-02-17,Mumbai,4.4,135.0,32.3,False,False,dmy
781,Riya Bose,21.0,Male,Bicycle,2025-01-28,Nagpur,3.9,583.0,47.3,False,False,dmy
782,MATTHEW CHAUDHARY,32.0,Female,Scooter,2022-05-18,Ludhiana,4.1,433.0,43.1,False,False,mdy
783,Unnati Ram,26.0,Female,Bicycle,2023-10-17,Jaipur,4.8,977.0,36.3,False,False,fallback
784,Samarth Balakrishnan,36.0,Male,Bike,2024-01-24,Kochi,3.8,271.0,18.9,False,False,ymd
785,Udant Kapadia,31.0,Male,Scooter,2023-06-15,Chennai,4.8,183.0,19.5,False,False,dmy
786,Anamika Venkataraman,19.0,Female,Bike,2023-02-04,Pune,4.5,1063.0,40.8,True,False,ambiguous_dmy_assumed
787,KEVIN PANDEY,22.0,Male,Bike,2022-02-25,Delhi,3.8,694.0,18.7,False,False,dmy
788,Aarush Shanker,38.0,Male,Bicycle,2022-10-28,Jaipur,4.0,497.0,31.0,False,False,ymd
789,Januja Sachdev,37.0,Female,Scooter,2023-03-26,Mumbai,4.0,453.0,31.6,False,False,ymd
790,Ojas Subramanian,30.0,Female,Bike,2025-02-14,Visakhapatnam,4.5,430.0,23.1,False,False,dmy
791,Balvan Vora,28.0,Male,Scooter,2025-03-04,Ahmedabad,4.7,385.0,28.8,False,False,fallback
792, Jalsa Raju  ,18.0,Male,Bike,2022-11-20,Kolkata,4.6,296.0,28.8,False,False,fallback
793,Triya Chatterjee,22.0,Male,Bike,2023-06-16,Patna,4.0,581.0,30.1,False,False,ymd
794,Forum Sankaran,33.0,Female,Car,2023-01-02,Patna,4.4,443.0,53.0,True,False,ambiguous_dmy_assumed
795,Riya Aurora,36.0,Male,Bicycle,2023-02-13,Mumbai,4.6,207.0,12.7,False,False,mdy
796,Aishani Misra,32.0,Male,Bike,2023-03-05,Mumbai,3.6,395.0,31.3,False,False,ymd
797,Siddharth Sodhi,19.0,Female,Bicycle,2022-12-31,Bengaluru,4.2,362.0,32.2,False,False,ymd
798,Adweta Dave,26.0,Female,Bike,2024-09-23,Pune,4.3,820.0,36.8,False,False,dmy
799,Indali Malhotra,34.0,Male,Scooter,2024-03-01,Guwahati,4.3,666.0,45.6,False,False,ymd
800,Raghav Barad,23.0,Female,Scooter,2023-08-20,Bhopal,3.9,682.0,24.5,False,False,dmy
801,Mugdha Gade,22.0,Female,Scooter,2022-07-09,Mumbai,3.2,394.0,36.1,False,False,fallback
802,Karan Morar,18.0,Female,Bike,2023-12-15,Coimbatore,4.6,622.0,26.7,False,False,fallback
803,Lohit Pandya,32.0,Male,Bike,2023-10-11,Ludhiana,4.2,485.0,24.7,True,False,ambiguous_dmy_assumed
804,Quincy Kant,39.0,Male,Bicycle,2023-04-24,Ahmedabad,4.8,272.0,37.4,False,False,fallback
805,Jhalak Chaudhry,32.0,Male,Bike,2021-08-13,Bhopal,3.8,314.0,,False,False,fallback
806,Anika Sangha,38.0,Female,Bicycle,2022-11-18,Vadodara,3.9,479.0,31.8,False,False,mdy
807,Udant Bora,25.0,Female,Bike,2021-11-15,Bhubaneswar,4.4,649.0,31.7,False,False,mdy
808,Vidhi Brar,18.0,Male,Bike,2024-02-07,Visakhapatnam,4.5,854.0,55.5,False,False,ymd
809,Charan Chakraborty,18.0,Female,Bike,2025-01-06,Ludhiana,4.6,389.0,28.2,False,False,fallback
810,Oviya Rama,33.0,Male,Scooter,2024-02-09,Lucknow,4.4,669.0,18.2,False,False,ymd
811,Damyanti Kashyap,18.0,Female,Bike,2022-04-21,Nashik,4.4,638.0,20.7,False,False,fallback
812,Abhimanyu Warrior,31.0,Female,Bike,2023-05-06,Nagpur,4.2,963.0,44.9,False,False,ymd
813,Bakhshi Saha,28.0,Male,Car,2025-03-23,Visakhapatnam,4.2,677.0,27.3,False,False,ymd
814,Warhi Jha,18.0,Male,Scooter,2022-07-17,Guwahati,4.8,473.0,26.8,False,False,dmy
815,Ethan Sahota,30.0,Male,Bicycle,2024-12-20,Vadodara,3.1,378.0,48.3,False,False,dmy
816,Yuvraj Pradhan,27.0,Female,Scooter,2024-05-29,Ludhiana,3.9,658.0,38.8,False,False,dmy
817,Adweta Vig,18.0,Male,Bike,2023-10-19,Indore,4.2,661.0,27.7,False,False,mdy
818,Chatura Char,26.0,Female,Bike,2024-07-08,Pune,4.4,1160.0,31.8,True,False,ambiguous_dmy_assumed
819,Anirudh Edwin,47.0,Male,Car,2023-02-18,Chandigarh,4.4,1019.0,32.7,False,False,ymd
820,Vedika Boase,35.0,Female,Bike,2023-01-02,Surat,4.7,810.0,32.5,True,False,ambiguous_dmy_assumed
821,Odika Mammen,27.0,Female,Bike,2024-08-11,Nashik,3.9,1049.0,35.7,False,False,ymd
822,Arjun Chacko,21.0,Male,Scooter,2024-05-15,Bhubaneswar,5.0,276.0,,False,False,dmy
823,Naksh Sharaf,33.0,Male,Bike,2023-03-29,Patna,3.8,1047.0,33.8,False,False,fallback
824,Hitesh Bhattacharyya,28.0,Male,Bike,2025-02-01,Kochi,4.2,508.0,29.2,True,False,ambiguous_dmy_assumed
825,Xavier Pathak,36.0,Male,Scooter,2022-11-10,Kolkata,4.0,767.0,34.1,False,False,ymd
826,Jackson Bansal,23.0,Male,Bike,2024-01-14,Chennai,3.7,591.0,16.0,False,False,ymd
827,Faqid Joshi,31.0,Male,Bike,2022-02-08,Surat,4.1,366.0,42.3,True,False,ambiguous_dmy_assumed
828,Aarav Cheema,30.0,Male,Scooter,2021-06-29,Kolkata,4.3,517.0,40.7,False,False,ymd
829,Zilmil Varma,30.0,Male,Bicycle,2022-12-29,Nagpur,3.9,671.0,42.0,False,False,dmy
830,Ria Rama,26.0,Male,Bike,2022-03-08,Visakhapatnam,4.1,285.0,31.4,False,False,fallback
831,Falguni Sahni,29.0,Female,Bicycle,2024-07-12,Lucknow,4.3,348.0,27.9,False,False,fallback
832,Osha Munshi,36.0,Male,Bike,2025-03-13,Kochi,3.7,543.0,24.5,False,False,ymd
833,Yadavi Dhingra,33.0,Female,Scooter,2023-02-25,Nashik,4.8,791.0,31.3,False,False,ymd
834,Wridesh Shukla,28.0,Female,Bike,2022-06-18,Bhopal,4.1,773.0,31.8,False,False,dmy
835,Widisha Radhakrishnan,33.0,Female,Bike,2022-07-06,Kochi,3.7,769.0,43.0,True,False,ambiguous_dmy_assumed
836,Harsh Shetty,32.0,Male,Bike,2023-06-21,Jaipur,3.9,679.0,32.8,False,False,dmy
837,Janaki Chahal,22.0,Male,Bike,2024-02-27,Visakhapatnam,4.1,674.0,33.1,False,False,mdy
838,Shravya Roy,34.0,Male,Bike,2024-09-01,Mumbai,4.5,651.0,36.3,False,False,ymd
839,Vinaya Nagar,28.0,Female,Bike,2024-04-18,Chennai,4.2,135.0,45.1,False,False,mdy
840,Kashvi Sekhon,23.0,Male,Bike,2022-04-15,Lucknow,4.1,676.0,20.5,False,False,ymd
841,Arjun Kaul,30.0,Male,Bike,2024-08-13,Visakhapatnam,3.8,695.0,25.2,False,False,ymd
842,Jagrati Naidu,30.0,Male,Scooter,2022-05-22,Raipur,4.5,281.0,37.5,False,False,dmy
843,Robert Chawla,26.0,Female,Bicycle,2024-08-01,Guwahati,4.6,1205.0,40.3,False,False,fallback
844,Lakshit Mammen,36.0,Male,Bike,2024-08-13,Raipur,3.8,332.0,44.8,False,False,dmy
845,Vamakshi Sahni,18.0,Female,Bike,2025-01-17,Mumbai,3.6,394.0,32.5,False,False,mdy
846,Janaki Ghosh,30.0,Male,Bike,2023-03-14,Ludhiana,3.4,642.0,30.6,False,False,dmy
847,Jackson Pathak,27.0,Male,Bike,2022-05-15,Bhubaneswar,4.3,966.0,35.5,False,False,ymd
848,Vedhika Mishra,18.0,Male,Bicycle,2022-11-19,Bhubaneswar,,1075.0,31.5,False,False,fallback
849,Yashawini Memon,26.0,Female,Scooter,2022-07-20,Indore,4.1,459.0,28.1,False,False,ymd
850,Parth Ahluwalia,37.0,Male,Scooter,2021-12-12,Pune,4.3,887.0,34.8,False,False,ymd
851,Zaid Ravel,27.0,Female,Bicycle,2021-11-04,Coimbatore,4.0,882.0,41.4,False,False,fallback
852,Girish Khatri,26.0,Male,Bicycle,2021-09-01,Lucknow,4.3,255.0,38.9,False,False,ymd
853,Ayush Arora,25.0,Female,Scooter,2024-11-17,Coimbatore,4.2,321.0,25.0,False,False,dmy
854,Eiravati Goswami,27.0,Male,Bike,2025-01-14,Bengaluru,4.1,417.0,27.0,False,False,fallback
855,Urvi Hans,27.0,Male,Bike,2024-09-15,Ahmedabad,4.3,599.0,29.8,False,False,dmy
856,Ishwar Pillai,25.0,Female,Bike,2021-11-27,Bhubaneswar,3.5,609.0,31.4,False,False,mdy
857,Girish Ganesh,33.0,Female,Bike,2024-06-18,Coimbatore,3.7,458.0,53.1,False,False,dmy
858,Xiti Murty,40.0,Female,Bike,2022-06-27,Chandigarh,4.0,569.0,47.5,False,False,ymd
859,Anvi Lala,25.0,Female,Bicycle,2022-10-26,Surat,3.7,695.0,36.5,False,False,ymd
860,Maanas Tak,27.0,Female,Scooter,2022-11-23,Lucknow,4.1,290.0,26.7,False,False,fallback
861,Warhi Khare,23.0,Male,Bike,2024-05-25,Lucknow,3.5,703.0,46.9,False,False,ymd
862,Rajata Suresh,34.0,Female,Scooter,2022-08-15,Bhubaneswar,4.1,409.0,37.6,False,False,ymd
863,Bishakha Dara,18.0,Male,Bike,2022-07-30,Bengaluru,4.6,438.0,33.4,False,False,dmy
864,Finn Sood,27.0,Female,Bike,2023-05-18,Ludhiana,4.2,588.0,40.2,False,False,ymd
865,Abeer Varma,24.0,Female,Bike,2021-06-10,Delhi,4.0,835.0,36.9,False,False,fallback
866,Vivaan Dua,28.0,Male,Scooter,2023-06-01,Jaipur,4.8,635.0,48.3,True,False,ambiguous_dmy_assumed
867,Wishi Varty,29.0,Male,Bike,2022-09-25,Ahmedabad,3.9,677.0,14.5,False,False,mdy
868,Daksha Karpe,39.0,Male,Bike,2022-09-12,Vadodara,4.4,350.0,12.5,True,False,ambiguous_dmy_assumed
869,Oeshi Dyal,27.0,Male,Scooter,2024-09-06,Kolkata,3.7,505.0,39.1,False,False,fallback
870,Kai Sankaran,26.0,Female,Scooter,2023-04-14,Bengaluru,4.7,843.0,34.7,False,False,mdy
871,Jhalak Arora,30.0,Male,Bike,2022-08-04,Bengaluru,4.6,498.0,44.0,False,False,fallback
872,Oliver Srinivasan,39.0,Male,Scooter,2021-08-16,Lucknow,4.4,451.0,20.4,False,False,dmy
873,Aarav Rai,31.0,Male,Bike,2021-07-26,Kochi,4.4,1048.0,33.7,False,False,dmy
874,Chatura Lall,30.0,Female,Bike,2023-05-25,Ludhiana,4.3,447.0,36.3,False,False,dmy
875,Jeremiah Bobal,26.0,Male,Car,2021-08-01,Lucknow,3.8,946.0,26.2,True,False,ambiguous_dmy_assumed
876,Qarin Majumdar,32.0,Female,Bike,2023-01-01,Surat,3.0,574.0,41.6,False,False,ymd
877,Warjas Chacko,26.0,Female,Scooter,2022-10-13,Raipur,4.7,710.0,34.1,False,False,ymd
878,Tristan Acharya,33.0,Male,Scooter,2022-08-20,Lucknow,4.1,342.0,31.6,False,False,ymd
879,Aryan Devan,32.0,Female,Scooter,2022-06-23,Lucknow,4.1,754.0,23.5,False,False,mdy
880,Leena Rastogi,42.0,Female,Bike,2024-11-22,Guwahati,4.3,1139.0,34.2,False,False,fallback
881,Nachiket Trivedi,23.0,Male,Bike,2024-01-15,Ludhiana,4.7,313.0,34.5,False,False,fallback
882,Omya Narang,18.0,Female,Bike,2021-06-27,Bhubaneswar,4.4,475.0,26.7,False,False,ymd
883,Qadim Ahuja,20.0,Female,Bike,2022-10-12,Surat,4.4,156.0,47.6,True,False,ambiguous_dmy_assumed
884,Qarin Kara,27.0,Female,Car,2023-10-08,Coimbatore,3.6,301.0,43.7,False,False,ymd
885,Quincy Pathak,26.0,Male,Bike,2022-03-05,Raipur,3.7,667.0,20.2,False,False,ymd
886,Arjun Bhalla,22.0,Male,Scooter,2022-05-23,Ahmedabad,3.8,519.0,35.7,False,False,fallback
887,Eesha Thakkar,40.0,Male,Bike,2023-10-30,Kochi,4.9,963.0,32.7,False,False,dmy
888,Gayathri Bava,39.0,Female,Bike,2024-08-22,Guwahati,4.1,287.0,27.3,False,False,mdy
889,Zarna Narasimhan,34.0,Male,Bike,2022-08-06,Nashik,3.7,395.0,27.7,False,False,ymd
890,Yasti Saini,27.0,Female,Bike,2021-09-12,Raipur,4.3,890.0,18.3,False,False,fallback
891,Hardik Mishra,18.0,Male,Scooter,2024-04-01,Chennai,4.3,565.0,40.3,False,False,ymd
892,Vihaan Gola,21.0,Male,Bike,2023-10-25,Vadodara,4.2,775.0,12.7,False,False,fallback
893,Adya Arora,22.0,Male,Bike,2024-04-10,Nashik,4.1,871.0,31.0,False,False,ymd
894,Mohammed Bhavsar,26.0,Male,Car,2024-01-01,Kochi,4.0,356.0,25.1,False,False,ymd
895,Ranbir Vora,29.0,Female,Bike,2022-03-25,Ahmedabad,4.7,316.0,40.9,False,False,mdy
896,Mason Gade,26.0,Female,Bicycle,2021-09-16,Jaipur,3.7,477.0,26.8,False,False,ymd
897,Girik Vaidya,20.0,Male,Bike,2021-06-27,Nagpur,4.8,1439.0,56.0,False,False,mdy
898,Mitesh Rajagopal,22.0,Male,Scooter,2023-09-29,Bhubaneswar,4.1,731.0,35.3,False,False,mdy
899,Aadhya Ghose,38.0,Male,Scooter,2024-09-26,Ludhiana,4.2,720.0,18.3,False,False,mdy
900,Nakul Loyal,20.0,Male,Bike,2022-09-04,Nashik,4.6,828.0,44.3,True,False,ambiguous_dmy_assumed
901,Aarnav Chatterjee,27.0,Female,Scooter,2021-12-13,Guwahati,3.6,346.0,36.4,False,False,ymd
902,Abdul Kala,19.0,Female,Bike,2022-09-16,Kochi,4.1,845.0,19.1,False,False,dmy
903,Ati Manne,27.0,Male,Bike,2021-08-29,Vadodara,4.1,839.0,29.1,False,False,dmy
904,Balveer Bose,21.0,Male,Scooter,2022-02-03,Visakhapatnam,4.0,540.0,46.1,False,False,ymd
905,Brinda Dhingra,36.0,Male,Bike,2023-09-12,Jaipur,4.4,445.0,48.4,False,False,ymd
906,Rajeshri Batta,33.0,Female,Bike,2021-07-21,Coimbatore,4.3,134.0,24.7,False,False,ymd
907,Vinaya Pant,30.0,Male,Bike,2021-08-21,Surat,4.1,135.0,37.6,False,False,dmy
908,Oliver Ghose,18.0,Male,Bike,2024-02-01,Bengaluru,4.4,511.0,33.0,True,False,ambiguous_dmy_assumed
909,Dominic Reddy,34.0,Female,Bike,2021-12-19,Delhi,4.2,156.0,28.4,False,False,ymd
910,Zarna Setty,24.0,Female,Bike,2021-08-25,Nagpur,4.4,558.0,20.7,False,False,mdy
911,Pavani Devi,33.0,Male,Scooter,2024-03-29,Nashik,3.6,447.0,31.5,False,False,ymd
912,Bishakha Kaur,33.0,Male,Car,2024-01-01,Bhopal,,772.0,17.4,False,False,fallback
913,Lucky Patla,32.0,Female,Scooter,2024-08-14,Visakhapatnam,4.3,1199.0,44.9,False,False,mdy
914,Banjeet Gade,28.0,Male,Car,2021-11-02,Patna,4.9,1034.0,41.1,False,False,ymd
915, Bina Yohannan  ,31.0,Male,Bike,2021-11-10,Bengaluru,4.1,769.0,20.4,False,False,fallback
916,GUNEET WALIA,30.0,Female,Scooter,2025-02-06,Bhopal,4.7,1200.0,32.3,True,False,ambiguous_dmy_assumed
917,Chaaya Kara,21.0,Male,Scooter,2021-08-01,Ludhiana,3.6,382.0,42.1,False,False,fallback
918,Janani Srinivasan,32.0,Male,Bike,2022-08-17,Delhi,5.0,252.0,37.2,False,False,ymd
919,Neel Nayak,27.0,Female,Bike,2024-05-15,Nagpur,3.4,256.0,33.2,False,False,ymd
920,Bhanumati Bhargava,28.0,Female,Scooter,2022-03-17,Kochi,4.2,744.0,31.6,False,False,ymd
921,Abhimanyu Talwar,35.0,Female,Bike,2021-12-24,Mumbai,4.2,297.0,37.5,False,False,dmy
922,Jalsa Sehgal,23.0,Male,Scooter,2022-10-09,Ludhiana,4.4,278.0,,True,False,ambiguous_dmy_assumed
923,Max Contractor,28.0,Female,Scooter,2025-03-03,Patna,4.7,1043.0,27.0,True,False,ambiguous_dmy_assumed
924,Maanas Iyer,22.0,Male,Car,2024-10-29,Nagpur,5.0,231.0,32.3,False,False,fallback
925,Yadavi Contractor,23.0,Male,Bike,2021-06-11,Kolkata,4.9,410.0,30.5,False,False,ymd
926,BISHAKHA GANDHI,31.0,Female,Bike,2024-11-04,Nashik,4.0,769.0,16.8,False,False,ymd
927,Warda Sheth,37.0,Female,Bike,2024-02-01,Hyderabad,4.8,471.0,44.9,False,False,ymd
928,Aarna Bhardwaj,25.0,Female,Car,2023-09-12,Bhubaneswar,4.2,423.0,34.4,True,False,ambiguous_dmy_assumed
929,Waida Goswami,33.0,Male,Scooter,2023-12-23,Chennai,4.0,707.0,35.3,False,False,dmy
930,Radha Yogi,21.0,Female,Bike,2024-03-23,Nagpur,4.3,966.0,31.9,False,False,mdy
931,Xavier Rajagopal,21.0,Female,Bike,2022-10-16,Raipur,4.3,648.0,22.1,False,False,dmy
932,Prisha Misra,33.0,Female,Car,2024-02-14,Pune,3.7,371.0,39.4,False,False,dmy
933,Bahadurjit Mitter,29.0,Male,Scooter,2024-06-10,Guwahati,3.4,418.0,29.4,False,False,ymd
934,Yashvi Venkatesh,20.0,Female,Bike,2023-11-22,Lucknow,4.1,375.0,29.3,False,False,dmy
935,Rishi Magar,23.0,Female,Bicycle,2021-02-11,Coimbatore,4.2,549.0,35.8,True,False,ambiguous_dmy_assumed
936,Laban Chaudhari,31.0,Female,Car,2022-06-25,Bhubaneswar,3.6,955.0,31.4,False,False,ymd
937,Frado Palla,26.0,Female,Bike,2024-03-03,Nagpur,3.6,232.0,24.9,False,False,ymd
938,Vidhi Sura,33.0,Male,Bike,2022-08-07,Ludhiana,4.3,1040.0,17.4,False,False,ymd
939,Harsh Brar,26.0,Female,Bike,2021-11-09,Mumbai,4.0,475.0,30.2,True,False,ambiguous_dmy_assumed
940,Saumya Wadhwa,18.0,Male,Bike,2023-09-13,Visakhapatnam,3.9,981.0,31.7,False,False,fallback
941,Hitesh Mohanty,22.0,Female,Bike,2024-08-13,Mumbai,4.6,531.0,29.1,False,False,dmy
942,Arin Mane,18.0,Male,Bike,2022-09-30,Lucknow,3.9,558.0,42.4,False,False,ymd
943,Imaran Kant,20.0,Female,Bike,2022-08-03,Chennai,3.8,334.0,43.2,True,False,ambiguous_dmy_assumed
944,Damyanti Sagar,31.0,Female,Scooter,2023-05-11,Hyderabad,4.8,1488.0,34.9,False,False,ymd
945,Faraj Balasubramanian,20.0,Male,Bike,2024-08-14,Nashik,4.6,1121.0,15.7,False,False,ymd
946,Utkarsh Kumar,24.0,Female,Scooter,2023-04-17,Surat,4.0,577.0,40.6,False,False,ymd
947,Amruta Cherian,25.0,Female,Bike,2024-08-06,Patna,4.2,894.0,46.5,False,False,ymd
948,Jatin Zacharia,36.0,Male,Bicycle,2023-01-29,Kochi,5.0,531.0,23.2,False,False,fallback
949,Irya Balan,26.0,Female,Scooter,2021-08-05,Visakhapatnam,4.2,513.0,21.4,False,False,ymd
950,Ronith Kaur,47.0,Female,Bike,2021-10-23,Ludhiana,4.5,1059.0,17.5,False,False,fallback
951,Advaith Jha,25.0,Female,Bike,2022-12-03,Bhubaneswar,4.3,548.0,21.4,False,False,fallback
952,Libni Keer,26.0,Male,Bicycle,2023-07-01,Bhubaneswar,3.8,249.0,35.3,False,False,ymd
953,Anvi Karpe,20.0,Male,Car,2021-06-27,Coimbatore,3.8,613.0,27.5,False,False,fallback
954,Harinakshi Jani,25.0,Male,Bike,2021-10-22,Vadodara,3.9,323.0,40.9,False,False,dmy
955,Baljiwan Krish,36.0,Female,Scooter,2021-10-11,Bhopal,4.9,524.0,32.9,True,False,ambiguous_dmy_assumed
956,Yashvi Arora,28.0,Female,Bicycle,2021-11-17,Vadodara,4.0,776.0,38.7,False,False,dmy
957,Charles Arora,27.0,Male,Bike,2023-05-20,Patna,4.4,345.0,35.1,False,False,ymd
958,Harrison Bail,29.0,Male,Bike,2022-03-24,Pune,3.8,465.0,39.6,False,False,dmy
959,Mahika Mann,30.0,Male,Scooter,2023-11-10,Indore,3.6,241.0,38.9,False,False,ymd
960,Ranbir Bajwa,29.0,Female,Car,2023-03-13,Visakhapatnam,3.9,738.0,41.4,False,False,mdy
961,Isaac Lanka,36.0,Female,Bike,2024-12-12,Chennai,4.1,912.0,24.1,True,False,ambiguous_dmy_assumed
962,Nicholas Dhingra,31.0,Female,Scooter,2023-10-22,Visakhapatnam,,375.0,31.4,False,False,fallback
963,Madhavi Pall,26.0,Male,Scooter,2021-07-11,Coimbatore,4.5,225.0,22.0,True,False,ambiguous_dmy_assumed
964,Dayita Nair,23.0,Male,Scooter,2022-05-30,Nashik,3.5,245.0,28.6,False,False,ymd
965,Isaac Bose,18.0,Female,Scooter,2023-04-12,Pune,4.5,278.0,40.8,True,False,ambiguous_dmy_assumed
966,Kiaan Ram,25.0,Male,Scooter,2022-12-10,Chennai,4.9,266.0,40.3,True,False,ambiguous_dmy_assumed
967,Idika Kulkarni,31.0,Male,Bike,2023-02-26,Mumbai,,1290.0,17.7,False,False,dmy
968,Chandresh Cheema,33.0,Male,Bike,2024-11-25,Chandigarh,3.8,579.0,29.4,False,False,ymd
969,Kashvi Rastogi,32.0,Female,Bike,2022-09-14,Visakhapatnam,4.4,465.0,35.4,False,False,fallback
970,Banjeet Sankaran,24.0,Male,Bike,2023-10-06,Chennai,4.2,996.0,19.5,True,False,ambiguous_dmy_assumed
971,Wakeeta Kothari,24.0,Male,Bike,2023-04-01,Jaipur,3.1,540.0,35.0,True,False,ambiguous_dmy_assumed
972,widisha vaidya,31.0,Female,Bike,2021-11-19,Kochi,,184.0,23.3,False,False,ymd
973,Omya Dhawan,31.0,Female,Scooter,2024-03-02,Bhubaneswar,4.6,589.0,44.3,True,False,ambiguous_dmy_assumed
974,VIDHI MALLICK,27.0,Female,Bike,2024-06-17,Ludhiana,4.1,700.0,42.9,False,False,dmy
975,Liam Bora,30.0,Male,Scooter,2025-02-18,Lucknow,4.3,761.0,17.2,False,False,mdy
976,Ethan Sarma,18.0,Female,Bike,2022-01-28,Chandigarh,3.8,1208.0,21.3,False,False,fallback
977,Amaira Prabhu,28.0,Female,Bike,2023-07-11,Ahmedabad,3.6,788.0,37.6,False,False,ymd
978,Yamini Dasgupta,25.0,Male,Bike,2022-01-11,Bhubaneswar,4.0,462.0,43.2,False,False,ymd
979,Shivani Taneja,18.0,Male,Bike,2024-05-13,Indore,3.9,359.0,34.7,False,False,ymd
980, Gaurangi Bobal  ,30.0,Female,Bike,2023-12-20,Vadodara,4.3,566.0,33.1,False,False,dmy
981,Arunima Patla,19.0,Male,Bike,2022-10-06,Indore,2.9,367.0,37.8,False,False,ymd
982,Jeevika Bhardwaj,30.0,Male,Bike,2021-06-21,Mumbai,4.3,649.0,35.8,False,False,fallback
983,Rohan Suresh,26.0,Male,Scooter,2024-02-05,Lucknow,4.1,127.0,36.9,True,False,ambiguous_dmy_assumed
984,Karan Aggarwal,29.0,Male,Bike,2022-09-08,Indore,3.4,923.0,26.6,False,False,ymd
985,Girik Karnik,35.0,Male,Car,2024-03-29,Guwahati,3.6,586.0,27.5,False,False,dmy
986,Riya Sastry,33.0,Male,Bike,2021-08-16,Coimbatore,3.7,617.0,28.2,False,False,dmy
987, Leena Barad  ,20.0,Female,Bike,2024-02-24,Chandigarh,4.2,663.0,56.1,False,False,mdy
988,Oeshi Bath,25.0,Male,Bike,2024-11-21,Ludhiana,4.1,231.0,18.2,False,False,ymd
989,Yoshita Chacko,25.0,Female,Bike,2021-11-16,Kolkata,3.8,384.0,28.6,False,False,ymd
990,Amruta Muni,33.0,Female,Bicycle,2024-04-10,Chennai,4.3,432.0,33.3,False,False,fallback
991,Tanvi Comar,32.0,Male,Bike,2023-11-29,Kochi,3.9,588.0,27.2,False,False,ymd
992,Oviya Kala,25.0,Female,Scooter,2024-12-24,Lucknow,4.2,436.0,42.2,False,False,fallback
993,Faqid Borah,35.0,Female,Bicycle,2023-09-26,Pune,4.7,745.0,38.6,False,False,dmy
994,Rachit Wable,29.0,Female,Bike,2021-08-26,Vadodara,3.4,274.0,48.4,False,False,fallback
995,Adya Kothari,43.0,Male,Car,2021-06-29,Vadodara,3.6,333.0,27.7,False,False,mdy
996,Rachita Karpe,22.0,Female,Bike,2023-06-18,Kochi,3.9,689.0,47.3,False,False,dmy
997,Wazir Sood,23.0,Female,Bike,2023-01-10,Chandigarh,4.2,1664.0,30.2,True,False,ambiguous_dmy_assumed
998,Wazir Sama,36.0,Male,Bike,2024-09-14,Nagpur,4.4,1582.0,34.5,False,False,ymd
999,Chandran Maharaj,26.0,Female,Bike,2024-07-31,Guwahati,4.3,448.0,46.8,False,False,dmy
1000,Oni Rai,32.0,Male,Bike,2023-07-17,Pune,4.8,568.0,38.3,False,False,mdy
1001,Raghav Saini,21.0,Female,Car,2024-08-01,Bhubaneswar,4.5,878.0,32.5,True,False,ambiguous_dmy_assumed
1002,Aryan Sharaf,18.0,Male,Bike,2024-01-05,Chennai,3.9,261.0,39.6,True,False,ambiguous_dmy_assumed
1003,Prisha Deol,30.0,Female,Bike,2025-12-02,Indore,4.2,487.0,36.8,True,False,ambiguous_dmy_assumed
1004,Nirja Narayan,27.0,Female,Scooter,2022-05-10,Hyderabad,4.0,1078.0,36.8,False,False,ymd
1005,Samar Gulati,24.0,Male,Bike,2024-05-17,Hyderabad,4.4,932.0,25.0,False,False,mdy
1006,Ethan Pillai,29.0,Male,Scooter,2025-02-23,Indore,3.7,728.0,27.3,False,False,dmy
1007,Samar Sarkar,37.0,Male,Bike,2024-03-03,Kochi,4.0,588.0,31.2,True,False,ambiguous_dmy_assumed
1008,Samesh Ahluwalia,36.0,Male,Scooter,2021-09-29,Nagpur,4.4,339.0,42.6,False,False,fallback
1009,Abha Yogi,24.0,Male,Scooter,2024-11-25,Jaipur,4.0,521.0,30.4,False,False,dmy
1010,Samarth Saraf,23.0,Male,Bike,2025-01-28,Ahmedabad,3.8,722.0,38.4,False,False,ymd
1011,Janani Sandal,27.0,Female,Scooter,2023-08-20,Patna,4.2,1048.0,26.8,False,False,fallback
1012,Rudra Shankar,21.0,Female,Car,2023-08-16,Visakhapatnam,4.6,232.0,20.2,False,False,ymd
1013,Yashasvi Ghose,29.0,Female,Bike,2023-12-30,Indore,3.8,369.0,50.9,False,False,dmy
1014,Amaira Singh,20.0,Female,Bike,2024-07-09,Guwahati,3.9,1311.0,30.2,False,False,fallback
1015,Hredhaan Bhatt,31.0,Male,Scooter,2024-08-02,Chennai,4.6,351.0,38.1,True,False,ambiguous_dmy_assumed
1016,Dakshesh Korpal,27.0,Female,Bike,2021-10-17,Bengaluru,4.1,847.0,29.5,False,False,fallback
1017,Faraj Maharaj,26.0,Male,Scooter,2021-11-17,Pune,4.3,92.0,34.7,False,False,dmy
1018,Abdul Raghavan,31.0,Male,Scooter,2022-07-30,Bengaluru,4.7,510.0,36.1,False,False,dmy
1019,Aarini Dani,32.0,Male,Bicycle,2022-04-02,Vadodara,3.8,977.0,45.1,False,False,fallback
1020,Dhriti Keer,26.0,Female,Bike,2024-10-25,Chennai,4.0,197.0,49.4,False,False,mdy
1021,Upma Ben,30.0,Male,Bicycle,2021-10-08,Visakhapatnam,3.7,922.0,26.7,True,False,ambiguous_dmy_assumed
1022,Bahadurjit Kohli,29.0,Female,Scooter,2024-04-19,Nashik,4.5,657.0,43.4,False,False,dmy
1023,Vedant Ray,23.0,Female,Bike,2024-06-15,Jaipur,4.3,534.0,27.9,False,False,dmy
1024, Manya Sawhney  ,23.0,Female,Bike,2024-09-07,Mumbai,4.7,624.0,34.5,True,False,ambiguous_dmy_assumed
1025,GIRINDRA SHANKER,28.0,Male,Car,2025-01-15,Bhopal,4.5,786.0,20.9,False,False,ymd
1026,Leena Talwar,30.0,Male,Bike,2021-11-23,Visakhapatnam,4.3,515.0,50.9,False,False,ymd
1027,Brijesh Suri,26.0,Male,Car,2021-11-18,Nagpur,4.8,1222.0,35.6,False,False,fallback
1028,Qadim Kulkarni,34.0,Female,Scooter,2024-05-20,Bhopal,4.1,977.0,25.0,False,False,fallback
1029,Aayush Sodhi,31.0,Male,Bike,2022-03-03,Hyderabad,4.5,184.0,32.3,False,False,ymd
1030,Warda Aurora,28.0,Female,Car,2024-11-22,Pune,4.3,456.0,27.2,False,False,dmy
1031,Shravya Chanda,25.0,Male,Bike,2023-03-04,Jaipur,4.6,1003.0,41.7,True,False,ambiguous_dmy_assumed
1032,Mugdha Banerjee,18.0,Male,Bike,2022-06-23,Ahmedabad,3.7,503.0,38.4,False,False,mdy
1033,Darsh Mall,23.0,Female,Scooter,2021-07-06,Jaipur,4.5,323.0,28.3,False,False,ymd
1034,Falguni Deol,18.0,Male,Bike,2022-02-18,Visakhapatnam,4.4,507.0,36.6,False,False,ymd
1035,Balhaar Deshmukh,26.0,Male,Scooter,2025-01-13,Nagpur,3.8,428.0,32.2,False,False,ymd
1036,Raksha Varughese,25.0,Male,Scooter,2024-03-26,Jaipur,4.3,458.0,25.6,False,False,mdy
1037,Edhitha Menon,36.0,Female,Bike,2022-02-03,Bengaluru,3.9,231.0,35.7,False,False,ymd
1038,Rudra Mander,21.0,Male,Car,2023-08-30,Chandigarh,4.3,997.0,32.0,False,False,dmy
1039,oscar magar,33.0,Female,Scooter,2021-07-19,Guwahati,4.5,1335.0,27.3,False,False,mdy
1040,Ayush Sathe,29.0,Male,Bike,2024-02-24,Jaipur,3.2,474.0,47.6,False,False,dmy
1041,Abdul Sule,22.0,Female,Bike,2024-04-26,Kochi,4.0,415.0,21.3,False,False,dmy
1042,Gauri Raghavan,32.0,Female,Bike,2022-06-17,Raipur,4.0,299.0,40.1,False,False,dmy
1043,Rudra Dhar,38.0,Female,Bike,2025-02-26,Hyderabad,4.5,618.0,36.3,False,False,ymd
1044,Charan Pant,27.0,Male,Bike,2024-12-09,Surat,4.5,378.0,24.4,False,False,ymd
1045,Meghana Chaudry,26.0,Female,Bike,2023-04-27,Nagpur,3.8,1131.0,48.7,False,False,fallback
1046,Sanya Dani,28.0,Female,Scooter,2023-05-09,Vadodara,4.1,315.0,10.0,False,False,fallback
1047,Harita Sachar,26.0,Male,Scooter,2022-07-05,Raipur,4.5,153.0,46.6,False,False,ymd
1048,Ucchal Nori,18.0,Female,Scooter,2023-01-26,Surat,4.1,843.0,24.6,False,False,fallback
1049,Abdul Khatri,21.0,Male,Bicycle,2023-11-23,Nashik,3.9,691.0,45.8,False,False,fallback
1050,Chameli Suri,30.0,Female,Bike,2023-10-14,Pune,3.8,377.0,35.7,False,False,ymd
1051,Michael Nadkarni,30.0,Male,Bike,2023-06-16,Hyderabad,5.0,644.0,40.0,False,False,mdy
1052,Geetika Devi,36.0,Male,Bike,2022-05-17,Mumbai,4.1,1333.0,33.5,False,False,dmy
1053,Rachit Gokhale,23.0,Female,Scooter,2023-01-18,Ahmedabad,4.0,692.0,39.4,False,False,ymd
1054,Oni Nagarajan,33.0,Male,Scooter,2022-06-11,Coimbatore,4.3,424.0,27.8,False,False,fallback
1055,Mugdha Khare,36.0,Female,Scooter,2022-04-08,Kochi,4.0,124.0,39.3,True,False,ambiguous_dmy_assumed
1056,Dhriti Peri,28.0,Female,Scooter,2024-07-01,Bengaluru,3.3,832.0,31.5,True,False,ambiguous_dmy_assumed
1057,Girindra Choudhury,20.0,Male,Bike,2024-10-30,Patna,4.6,599.0,31.6,False,False,dmy
1058,Aayush Agrawal,25.0,Female,Bike,2022-06-23,Bhopal,4.1,361.0,33.7,False,False,fallback
1059,Gavin Soman,31.0,Female,Bike,2025-02-25,Kochi,3.7,1118.0,26.2,False,False,fallback
1060,Daksh Nadkarni,26.0,Male,Car,2023-12-15,Kolkata,4.3,535.0,27.5,False,False,dmy
1061,Benjamin Chhabra,30.0,Male,Scooter,2023-04-11,Chennai,4.2,499.0,44.6,True,False,ambiguous_dmy_assumed
1062,Ishita Pai,31.0,Female,Scooter,2023-10-05,Patna,4.5,707.0,36.6,True,False,ambiguous_dmy_assumed
1063,Tara Gole,19.0,Female,Bike,2022-06-24,Indore,3.5,899.0,15.5,False,False,dmy
1064,Nicholas Deshpande,39.0,Male,Scooter,2023-12-07,Hyderabad,4.8,290.0,41.4,False,False,ymd
1065,Mekhala Raman,18.0,Male,Bike,2025-01-18,Nagpur,4.6,724.0,47.3,False,False,dmy
1066,Sudiksha Borde,24.0,Female,Car,2022-10-15,Raipur,3.6,639.0,43.0,False,False,ymd
1067,Chaitanya Rajan,25.0,Female,Scooter,2024-10-30,Kolkata,4.2,875.0,31.9,False,False,dmy
1068,Vansha D’Alia,25.0,Male,Bike,2025-03-01,Nagpur,4.0,224.0,33.6,True,False,ambiguous_dmy_assumed
1069,Laksh Bains,36.0,Female,Bike,2024-05-03,Bengaluru,3.4,431.0,34.2,True,False,ambiguous_dmy_assumed
1070,Chakrika Mishra,30.0,Female,Car,2022-04-16,Coimbatore,3.9,394.0,25.7,False,False,dmy
1071,Warda Borah,33.0,Female,Scooter,2021-12-30,Pune,4.0,355.0,42.0,False,False,ymd
1072,Darika Tripathi,28.0,Female,Bike,2023-07-21,Delhi,4.1,648.0,34.8,False,False,ymd
1073,Qadim Agrawal,29.0,Male,Bike,2023-10-01,Vadodara,4.2,616.0,26.5,True,False,ambiguous_dmy_assumed
1074,Mitali Jani,30.0,Female,Bike,2023-01-17,Hyderabad,4.2,284.0,33.2,False,False,dmy
1075,Janya Patla,33.0,Male,Bike,2024-11-13,Bengaluru,4.0,577.0,27.6,False,False,ymd
1076,Madhav Badami,32.0,Male,Bike,2023-12-26,Pune,4.5,215.0,33.2,False,False,ymd
1077,Caleb Grewal,23.0,Female,Bike,2022-08-14,Chandigarh,5.0,300.0,39.7,False,False,ymd
1078,Netra Pandey,29.0,Female,Bike,2023-03-19,Kochi,4.4,1030.0,24.1,False,False,mdy
1079,chaaya kothari,22.0,Female,Bicycle,2023-08-09,Lucknow,4.0,718.0,16.4,True,False,ambiguous_dmy_assumed
1080,Rushil Shroff,28.0,Male,Bike,2021-09-02,Surat,4.4,878.0,25.7,False,False,ymd
1081,Amruta Lala,29.0,Male,Bike,2023-08-21,Delhi,3.8,426.0,32.4,False,False,fallback
1082,Daksha Dani,26.0,Female,Scooter,2022-02-15,Patna,3.8,632.0,31.0,False,False,dmy
1083,Kalpit Dugal,30.0,Female,Bike,2023-08-06,Vadodara,4.4,473.0,34.7,True,False,ambiguous_dmy_assumed
1084,Varenya Borde,26.0,Female,Scooter,2021-08-18,Nashik,3.9,620.0,29.8,False,False,dmy
1085,Meera Lala,30.0,Male,Bike,2024-06-26,Kochi,4.1,386.0,33.9,False,False,fallback
1086,Yoshita Badami,23.0,Male,Bike,2023-04-15,Bhopal,4.4,673.0,27.4,False,False,dmy
1087, Bhavini Kapadia  ,22.0,Female,Scooter,2023-04-29,Bhopal,3.6,1003.0,39.2,False,False,ymd
1088,Indira Kade,26.0,Female,Scooter,2022-11-08,Kochi,4.8,631.0,24.4,True,False,ambiguous_dmy_assumed
1089,Yashica Shetty,31.0,Female,Bike,2023-11-11,Ludhiana,4.5,411.0,35.3,True,False,ambiguous_dmy_assumed
1090,Zilmil Doctor,23.0,Male,Bicycle,2022-12-26,Chennai,4.2,732.0,24.9,False,False,ymd
1091,Jackson Luthra,30.0,Female,Bike,2023-02-26,Raipur,4.0,515.0,33.9,False,False,ymd
1092,Patrick Rajan,28.0,Female,Car,2022-12-28,Bhopal,4.3,434.0,39.8,False,False,mdy
1093,Warinder Nayar,28.0,Female,Bike,2024-08-04,Ludhiana,4.9,668.0,37.3,False,False,ymd
1094,Oni Chaudhry,28.0,Male,Bike,2021-12-12,Chennai,,379.0,33.0,False,False,ymd
1095,Mason Ramakrishnan,30.0,Female,Bike,2024-07-10,Patna,4.0,291.0,36.3,False,False,fallback
1096,Triveni Dewan,24.0,Female,Scooter,2024-11-19,Jaipur,5.0,1311.0,34.3,False,False,fallback
1097,Diya Om,30.0,Male,Scooter,2024-12-18,Kochi,4.5,658.0,41.0,False,False,dmy
1098,Jagvi Puri,29.0,Female,Bike,2022-11-13,Bhopal,4.7,681.0,28.5,False,False,dmy
1099,Jagdish Dugal,25.0,Male,Bike,2025-03-31,Chandigarh,4.3,655.0,35.7,False,False,ymd
1100,Eshana Swaminathan,31.0,Male,Bike,2024-07-12,Mumbai,4.2,680.0,42.7,True,False,ambiguous_dmy_assumed
1101,Saksham Chowdhury,22.0,Female,Bike,2024-01-29,Delhi,4.8,219.0,29.9,False,False,fallback
1102,Vedant Kakar,39.0,Male,Bike,2023-02-23,Chennai,3.6,485.0,18.8,False,False,dmy
1103,Jonathan Arora,18.0,Female,Bike,2025-01-09,Bengaluru,3.6,390.0,29.0,False,False,ymd
1104,Onveer Kata,18.0,Female,Car,2023-04-22,Chennai,4.3,882.0,17.1,False,False,ymd
1105,Kamya Savant,21.0,Female,Scooter,2022-11-03,Patna,4.4,626.0,39.9,True,False,ambiguous_dmy_assumed
1106,Prisha Toor,19.0,Female,Bike,2022-05-29,Bhubaneswar,4.9,480.0,27.2,False,False,ymd
1107,Shaurya Sen,27.0,Female,Bike,2024-07-15,Coimbatore,4.4,473.0,38.0,False,False,mdy
1108,Nachiket Mody,27.0,Female,Bicycle,2021-11-13,Visakhapatnam,4.7,614.0,42.3,False,False,ymd
1109,Omisha Wali,22.0,Female,Scooter,2023-09-04,Patna,3.5,1371.0,26.9,True,False,ambiguous_dmy_assumed
1110,Gaurang Chandran,27.0,Male,Bike,2024-11-18,Pune,4.4,783.0,50.2,False,False,ymd
1111,Jeet Parmar,27.0,Male,Bike,2022-11-20,Delhi,4.3,396.0,29.3,False,False,fallback
1112,Barkha Dube,24.0,Male,Scooter,2023-03-07,Patna,3.5,387.0,34.8,True,False,ambiguous_dmy_assumed
1113,Manan Sarna,28.0,Female,Car,2024-05-01,Chennai,4.6,263.0,35.5,True,False,ambiguous_dmy_assumed
1114,Rachana Dalal,24.0,Male,Bike,2024-10-02,Delhi,4.2,497.0,26.5,False,False,ymd
1115,Yashvi Dayal,22.0,Male,Bike,2022-03-15,Chandigarh,3.9,1372.0,,False,False,dmy
1116,Logan Iyer,27.0,Male,Bike,2024-07-01,Hyderabad,4.1,1045.0,31.8,True,False,ambiguous_dmy_assumed
1117,Daksha Mandal,30.0,Female,Bicycle,2022-01-31,Kochi,3.8,378.0,29.8,False,False,dmy
1118,Warda Dugar,26.0,Male,Bike,2024-04-05,Patna,4.4,130.0,30.9,True,False,ambiguous_dmy_assumed
1119,Yauvani Krish,18.0,Female,Bike,2022-03-01,Nagpur,4.9,846.0,30.7,False,False,ymd
1120,Yasti Halder,24.0,Male,Car,2022-09-29,Delhi,4.2,623.0,38.9,False,False,mdy
1121,Gauri Krishna,21.0,Male,Bike,2022-11-28,Visakhapatnam,4.6,205.0,21.2,False,False,ymd
1122,Abdul Trivedi,26.0,Female,Bike,2022-10-13,Vadodara,4.0,895.0,23.5,False,False,ymd
1123,Mahika Keer,25.0,Male,Bike,2024-01-12,Kolkata,4.7,266.0,49.0,True,False,ambiguous_dmy_assumed
1124,Anamika Purohit,40.0,Female,Car,2025-01-22,Ludhiana,,671.0,31.5,False,False,ymd
1125,Manan Rana,37.0,Male,Bike,2023-05-28,Mumbai,4.2,1319.0,,False,False,ymd
1126,Theodore Krishnamurthy,25.0,Female,Bike,2024-04-13,Bhubaneswar,4.1,310.0,26.2,False,False,dmy
1127,Tamanna Badami,31.0,Male,Bike,2024-04-04,Guwahati,4.4,752.0,35.2,True,False,ambiguous_dmy_assumed
1128,Upasna Saha,31.0,Male,Scooter,2022-02-14,Jaipur,4.7,885.0,40.0,False,False,fallback
1129,Jeevika Mishra,31.0,Female,Bicycle,2024-03-13,Indore,4.2,521.0,23.9,False,False,dmy
1130,Jhalak Thaman,30.0,Male,Bike,2024-08-26,Ahmedabad,4.6,382.0,38.2,False,False,ymd
1131,Umang Nayar,18.0,Female,Bike,2022-02-23,Nashik,4.6,854.0,,False,False,ymd
1132,Eshana Chahal,31.0,Male,Scooter,2023-02-06,Kolkata,4.6,378.0,28.9,False,False,ymd
1133,Ekansh Kapadia,27.0,Female,Car,2022-06-11,Kolkata,4.5,162.0,44.5,True,False,ambiguous_dmy_assumed
1134,Isaac Nori,29.0,Female,Bike,2024-07-09,Kochi,4.6,1280.0,30.9,False,False,ymd
1135,ranveer minhas,29.0,Male,Scooter,2023-03-27,Delhi,5.0,447.0,21.3,False,False,dmy
1136,Lucky Pau,24.0,Female,Car,2022-09-17,Bengaluru,4.4,602.0,30.0,False,False,dmy
1137,Jacob Wali,28.0,Female,Bike,2023-01-19,Ludhiana,4.5,565.0,27.6,False,False,fallback
1138,Robert Loke,31.0,Female,Bike,2024-09-23,Visakhapatnam,2.9,404.0,34.0,False,False,dmy
1139,Vyanjana Ratta,26.0,Female,Scooter,2023-06-02,Bengaluru,3.8,532.0,15.5,False,False,ymd
1140,Keya Sama,32.0,Male,Scooter,2024-02-27,Nashik,4.8,1064.0,39.5,False,False,ymd
1141,Tejas Shukla,38.0,Female,Bike,2022-05-03,Guwahati,5.0,954.0,37.8,False,False,ymd
1142,Oni Prabhu,35.0,Male,Bike,2024-11-29,Coimbatore,3.7,442.0,11.8,False,False,ymd
1143,Madhav Nagarajan,22.0,Male,Bicycle,2024-11-26,Indore,4.1,875.0,33.7,False,False,ymd
1144, Sneha Nori  ,28.0,Female,Scooter,2024-09-04,Pune,4.5,269.0,42.1,True,False,ambiguous_dmy_assumed
1145,Baljiwan Brar,35.0,Male,Bike,2024-12-09,Pune,4.4,858.0,43.6,True,False,ambiguous_dmy_assumed
1146,Umang Barman,20.0,Male,Bike,2022-08-08,Bhopal,4.1,589.0,54.7,False,False,fallback
1147,EKBAL CHEEMA,20.0,Male,Bike,2022-12-25,Kochi,3.8,917.0,33.5,False,False,ymd
1148,RANVEER BORA,32.0,Female,Bike,2023-11-01,Nashik,4.1,992.0,31.4,True,False,ambiguous_dmy_assumed
1149,Jairaj Varghese,32.0,Female,Scooter,2022-06-28,Guwahati,4.3,404.0,42.3,False,False,mdy
1150,Neel Gupta,25.0,Female,Scooter,2023-10-29,Nagpur,4.6,493.0,32.4,False,False,dmy
1151,Dhruv Chatterjee,30.0,Male,Bike,2024-03-29,Ahmedabad,3.8,522.0,32.7,False,False,fallback
1152,Ojasvi Ganguly,27.0,Female,Car,2021-10-26,Kochi,4.4,1211.0,11.3,False,False,dmy
1153,Caleb Borde,23.0,Female,Scooter,2023-12-27,Ludhiana,3.8,1163.0,26.3,False,False,ymd
1154,Darsh Nanda,31.0,Female,Bike,2023-06-12,Nagpur,4.1,412.0,23.3,False,False,ymd
1155,Omya Trivedi,21.0,Male,Scooter,2024-10-17,Lucknow,4.5,490.0,32.8,False,False,mdy
1156,Jagat Upadhyay,37.0,Female,Scooter,2021-10-16,Nashik,4.2,433.0,27.3,False,False,ymd
1157,Sachi Pradhan,29.0,Female,Car,2024-05-18,Chandigarh,4.7,612.0,32.5,False,False,ymd
1158,Pallavi Bobal,22.0,Male,Bike,2022-09-07,Jaipur,4.2,596.0,33.8,True,False,ambiguous_dmy_assumed
1159,Orinder Lalla,31.0,Male,Bicycle,2024-06-03,Chennai,4.5,415.0,27.7,True,False,ambiguous_dmy_assumed
1160,Deepa Kaul,18.0,Male,Bike,2021-08-20,Delhi,5.0,1063.0,24.4,False,False,ymd
1161,Krish Rastogi,26.0,Female,Bike,2021-07-26,Chennai,4.5,500.0,31.2,False,False,dmy
1162,Tarak Patla,31.0,Female,Bicycle,2024-04-26,Nashik,3.8,652.0,,False,False,fallback
1163,Yasti Oommen,36.0,Male,Bike,2022-01-03,Ludhiana,4.2,277.0,30.2,True,False,ambiguous_dmy_assumed
1164,Charvi Srinivas,21.0,Female,Bicycle,2025-02-02,Nagpur,4.1,996.0,47.4,False,False,fallback
1165,Vasatika Goda,18.0,Female,Bike,2023-02-28,Chennai,4.7,900.0,34.4,False,False,ymd
1166,Nirja Bajwa,31.0,Male,Bike,2025-02-24,Mumbai,4.3,303.0,16.7,False,False,ymd
1167,Bakhshi Kashyap,32.0,Female,Bike,2021-11-29,Vadodara,4.3,485.0,,False,False,ymd
1168,Leela Sarin,25.0,Male,Car,2022-06-26,Ludhiana,4.1,381.0,48.7,False,False,ymd
1169,Omkaar Narang,25.0,Male,Scooter,2024-03-03,Surat,4.7,574.0,22.1,True,False,ambiguous_dmy_assumed
1170,Yoshita Dhawan,26.0,Female,Bicycle,2022-10-08,Chennai,4.5,901.0,30.9,True,False,ambiguous_dmy_assumed
1171,Jackson Choudhury,22.0,Female,Car,2023-10-06,Kochi,4.3,553.0,15.3,True,False,ambiguous_dmy_assumed
1172,David Dutt,32.0,Male,Car,2023-06-18,Lucknow,4.1,435.0,33.5,False,False,dmy
1173,Anika Karpe,29.0,Male,Scooter,2024-06-07,Kochi,3.7,164.0,23.2,True,False,ambiguous_dmy_assumed
1174,Osha Ramaswamy,26.0,Female,Bike,2023-05-31,Bengaluru,3.8,215.0,23.0,False,False,dmy
1175,Nathaniel Bhasin,21.0,Female,Scooter,2021-07-18,Bengaluru,4.9,333.0,36.8,False,False,dmy
1176,Madhav Sampath,40.0,Female,Scooter,2021-04-12,Delhi,4.0,468.0,22.6,True,False,ambiguous_dmy_assumed
1177,Bishakha Pradhan,32.0,Male,Bike,2022-12-01,Guwahati,3.4,692.0,27.2,True,False,ambiguous_dmy_assumed
1178,Rachit Hari,27.0,Male,Bike,2022-10-14,Indore,3.6,589.0,54.6,False,False,dmy
1179,Jeremiah Mangal,21.0,Male,Bike,2023-06-03,Kolkata,3.9,723.0,33.9,False,False,ymd
1180,Eiravati Dutta,21.0,Female,Car,2023-06-27,Bengaluru,4.5,937.0,25.1,False,False,dmy
1181,Christopher Bal,31.0,Female,Bike,2023-08-28,Surat,3.9,826.0,38.3,False,False,ymd
1182,Isha Bora,37.0,Male,Bike,2024-08-17,Raipur,4.0,696.0,36.8,False,False,ymd
1184,Yashawini Varghese,22.0,Female,Bike,2022-10-21,Mumbai,4.6,479.0,27.7,False,False,fallback
1185,Ekani Sengupta,36.0,Female,Scooter,2023-08-13,Jaipur,4.2,757.0,28.0,False,False,fallback
1186,Amol Shenoy,28.0,Female,Car,2024-07-02,Jaipur,4.4,285.0,17.9,False,False,ymd
1187,Azad Krishnan,39.0,Male,Bike,2024-08-31,Ludhiana,4.4,204.0,28.0,False,False,dmy
1188,Lakshit Bala,31.0,Female,Bike,2024-11-11,Ahmedabad,4.0,472.0,36.5,True,False,ambiguous_dmy_assumed
1189,Rachit Goyal,31.0,Male,Scooter,2024-09-23,Kochi,4.3,672.0,35.8,False,False,ymd
1190,Utkarsh Bhatnagar,28.0,Male,Bike,2022-05-29,Guwahati,4.4,315.0,26.5,False,False,dmy
1191,Dayamai Samra,21.0,Female,Scooter,2022-01-21,Visakhapatnam,4.2,321.0,30.8,False,False,fallback
1192,George Ramachandran,22.0,Male,Scooter,2024-06-17,Nashik,4.5,1190.0,36.2,False,False,dmy
1193,Forum Narasimhan,25.0,Male,Scooter,2025-01-07,Raipur,4.1,932.0,33.2,True,False,ambiguous_dmy_assumed
1194,Tanmayi Magar,32.0,Female,Scooter,2021-09-07,Ahmedabad,3.7,839.0,33.3,False,False,fallback
1195,Tamanna Karan,20.0,Female,Bike,2024-05-05,Jaipur,4.1,378.0,38.5,False,False,ymd
1196,Chaitanya Sur,33.0,Female,Bicycle,2022-06-22,Bengaluru,4.4,711.0,28.0,False,False,ymd
1197,Faqid Lal,32.0,Male,Bike,2021-10-16,Bengaluru,4.2,458.0,31.2,False,False,fallback
1198,Odika Dave,31.0,Male,Scooter,2021-10-13,Ahmedabad,4.4,43.0,34.8,False,False,ymd
1199,Chakradev Walia,26.0,Female,Scooter,2024-01-04,Patna,4.7,825.0,23.6,True,False,ambiguous_dmy_assumed
1200,DEVANSH MAJUMDAR,29.0,Female,Bike,2024-12-16,Kochi,4.0,927.0,29.5,False,False,ymd
1201,Chakradhar Kibe,25.0,Female,Scooter,2022-02-01,Kochi,4.6,351.0,26.1,False,False,ymd
1202,Kabir Deol,34.0,Female,Bike,2022-05-08,Coimbatore,5.0,1071.0,27.8,False,False,fallback
1203,Tanmayi Deshmukh,18.0,Male,Scooter,2023-06-10,Nashik,4.0,299.0,31.2,True,False,ambiguous_dmy_assumed
1204,Atharv Kapadia,30.0,Female,Scooter,2023-07-04,Indore,4.8,661.0,27.6,True,False,ambiguous_dmy_assumed
1205,Kavya Divan,31.0,Male,Scooter,2022-01-25,Jaipur,4.4,480.0,37.2,False,False,mdy
1206,Rachana Saini,22.0,Male,Scooter,2021-08-16,Jaipur,4.2,929.0,32.4,False,False,fallback
1207,Isha Trivedi,24.0,Female,Scooter,2022-03-16,Surat,3.9,1139.0,30.0,False,False,fallback
1208,Ucchal Varkey,26.0,Male,Bike,2021-12-23,Raipur,4.3,624.0,17.9,False,False,dmy
1209,Bishakha Thakkar,30.0,Male,Bike,2021-12-01,Coimbatore,3.9,831.0,33.4,False,False,ymd
1210,Orinder Karpe,18.0,Male,Bike,2024-10-26,Nagpur,3.6,527.0,37.3,False,False,ymd
1211, Mitali Sant  ,29.0,Female,Bike,2023-10-05,Bhopal,4.4,490.0,46.5,True,False,ambiguous_dmy_assumed
1212,Nirja Dalal,18.0,Male,Car,2022-09-06,Mumbai,3.9,893.0,42.2,True,False,ambiguous_dmy_assumed
1213,Kalpit Agarwal,21.0,Female,Bike,2021-07-19,Bengaluru,3.4,349.0,25.1,False,False,dmy
1214,Gaurav Mishra,31.0,Male,Bike,2024-09-03,Bengaluru,4.0,602.0,20.3,True,False,ambiguous_dmy_assumed
1215,Jack Batra,30.0,Male,Car,2022-08-02,Coimbatore,4.3,468.0,17.3,True,False,ambiguous_dmy_assumed
1216,Yoshita Wali,20.0,Female,Scooter,2023-08-05,Jaipur,3.9,531.0,36.4,True,False,ambiguous_dmy_assumed
1217,Laban Bhagat,26.0,Male,Scooter,2025-02-02,Chandigarh,3.9,638.0,37.0,False,False,ymd
1218,Xavier Goel,28.0,Female,Bike,2021-12-27,Bhopal,4.2,953.0,28.0,False,False,ymd
1219,Reva Rao,24.0,Female,Scooter,2024-01-17,Nashik,4.2,371.0,30.0,False,False,fallback
1220,Daksha Kala,26.0,Female,Scooter,2022-01-16,Ludhiana,4.2,507.0,25.4,False,False,mdy
1221,Wyatt Shanker,33.0,Female,Bike,2024-10-08,Pune,3.7,503.0,29.0,False,False,fallback
1222,Neel Raja,29.0,Male,Bicycle,2023-03-10,Nagpur,4.0,769.0,41.0,True,False,ambiguous_dmy_assumed
1223,Lucky Padmanabhan,27.0,Female,Bike,2025-09-03,Lucknow,4.7,1074.0,21.4,True,False,ambiguous_dmy_assumed
1224,Kai Chandra,33.0,Female,Bike,2021-06-11,Chennai,4.4,576.0,28.0,False,False,ymd
1225,Nikita Andra,30.0,Male,Scooter,2021-11-27,Chandigarh,4.3,652.0,29.9,False,False,ymd
1226,Neel Upadhyay,32.0,Female,Scooter,2021-12-13,Kolkata,3.7,273.0,42.8,False,False,dmy
1227,Kritika Choudhary,28.0,Male,Bike,2025-02-23,Coimbatore,3.9,484.0,32.5,False,False,mdy
1228,Indali Shere,38.0,Male,Bike,2024-02-02,Raipur,4.5,562.0,54.1,False,False,ymd
1229,Aryan Andra,33.0,Male,Scooter,2024-08-11,Nagpur,4.5,576.0,26.8,True,False,ambiguous_dmy_assumed
1230, Balvan Kapoor  ,30.0,Male,Bicycle,2022-04-26,Nagpur,4.4,337.0,28.2,False,False,dmy
1231,Chavvi Devi,26.0,Female,Bike,2023-07-20,Surat,4.5,501.0,38.0,False,False,mdy
1232,Amaira Wable,24.0,Female,Bike,2021-11-18,Nagpur,3.5,1016.0,29.2,False,False,dmy
1233,Aarush Atwal,37.0,Female,Car,2024-03-08,Chennai,3.9,1008.0,29.1,True,False,ambiguous_dmy_assumed
1234,Advika Bhargava,33.0,Female,Scooter,2022-06-12,Ahmedabad,4.5,425.0,22.5,False,False,ymd
1235,Faris Saini,24.0,Female,Bike,2024-09-29,Kochi,4.3,284.0,13.5,False,False,fallback
1236,Jason Karan,26.0,Male,Scooter,2023-04-06,Kochi,3.7,498.0,31.0,False,False,ymd
1237,Brinda Pradhan,31.0,Female,Car,2023-03-20,Ahmedabad,3.8,557.0,29.0,False,False,ymd
1238,Geetika Dixit,38.0,Male,Bicycle,2024-05-12,Bhubaneswar,4.1,572.0,29.3,True,False,ambiguous_dmy_assumed
1239,Yahvi Saini,22.0,Male,Bicycle,2023-07-25,Hyderabad,4.8,736.0,24.2,False,False,fallback
1240,Aditya Sastry,27.0,Male,Car,2023-10-04,Nashik,4.1,758.0,28.6,False,False,ymd
1241,Gabriel Baria,19.0,Male,Bike,2024-11-18,Chandigarh,4.0,584.0,27.0,False,False,ymd
1242,Sanya Prakash,25.0,Male,Bike,2024-06-07,Delhi,5.0,735.0,25.5,True,False,ambiguous_dmy_assumed
1243,Theodore Nanda,25.0,Male,Scooter,2023-01-28,Kochi,4.3,509.0,23.2,False,False,ymd
1244,Fariq Sami,30.0,Female,Bike,2024-10-18,Surat,4.0,1249.0,29.8,False,False,mdy
1245,Harshil Khalsa,35.0,Male,Bike,2023-01-22,Ahmedabad,4.0,524.0,30.0,False,False,dmy
1246,Oviya Oommen,21.0,Female,Car,2023-04-18,Lucknow,4.3,595.0,34.5,False,False,ymd
1247,Elijah Rai,33.0,Male,Car,2023-06-09,Raipur,4.1,550.0,22.6,False,False,ymd
1248,Raksha Naidu,18.0,Male,Bike,2024-10-04,Mumbai,3.7,657.0,35.9,False,False,ymd
1249,Chakradhar Bandi,32.0,Male,Bike,2024-03-10,Vadodara,4.6,562.0,37.9,False,False,fallback
1250,Omya Butala,21.0,Male,Bike,2024-03-06,Vadodara,4.0,662.0,37.9,False,False,ymd
1251,Hredhaan Agrawal,31.0,Female,Car,2021-07-29,Delhi,4.9,1195.0,39.6,False,False,ymd
1252,Dhruv Shetty,33.0,Male,Bike,2021-11-21,Surat,4.9,771.0,25.7,False,False,dmy
1253,Vedika Swaminathan,25.0,Male,Bike,2023-12-06,Kochi,4.5,878.0,34.8,False,False,ymd
1254,Daksha Nadkarni,30.0,Female,Bike,2025-01-30,Ahmedabad,4.4,941.0,40.7,False,False,fallback
1255,Harshil Krishnan,25.0,Female,Bike,2022-01-03,Ahmedabad,4.4,368.0,21.5,False,False,ymd
1256,Upma Pradhan,26.0,Female,Scooter,2022-02-08,Visakhapatnam,4.6,163.0,18.7,False,False,ymd
1257,Niharika Dhaliwal,31.0,Male,Bike,2021-06-22,Pune,3.9,659.0,37.5,False,False,dmy
1258,Wridesh Rege,34.0,Female,Bike,2023-04-27,Pune,4.5,426.0,31.9,False,False,mdy
1259,David Kamdar,25.0,Male,Car,2024-07-01,Kochi,4.3,839.0,28.4,False,False,fallback
1260,Mason Sharaf,20.0,Male,Bicycle,2021-08-06,Nagpur,4.2,328.0,31.7,False,False,fallback
1261,Vrinda Dara,31.0,Male,Bike,2023-08-02,Kolkata,4.7,79.0,27.2,True,False,ambiguous_dmy_assumed
1262,Ishani Kapur,28.0,Male,Bike,2022-08-07,Chennai,3.8,232.0,41.2,True,False,ambiguous_dmy_assumed
1263,Naksh Sankaran,26.0,Female,Bike,2021-08-23,Indore,4.9,283.0,32.6,False,False,ymd
1264,Abhiram Choudhary,27.0,Female,Scooter,2022-05-21,Indore,4.2,522.0,20.6,False,False,ymd
1265,Krisha Sani,18.0,Male,Bike,2022-02-05,Bengaluru,4.5,729.0,35.4,True,False,ambiguous_dmy_assumed
1266,Advay Varughese,31.0,Female,Scooter,2022-11-16,Kochi,3.8,155.0,47.3,False,False,ymd
1267,Meera Tak,32.0,Male,Bike,2021-10-23,Chennai,4.3,1164.0,32.7,False,False,dmy
1268,Zaitra Saini,22.0,Female,Scooter,2024-09-08,Bhubaneswar,4.3,553.0,34.6,True,False,ambiguous_dmy_assumed
1269,Chatura Lal,18.0,Male,Bike,2024-12-05,Ahmedabad,4.1,1104.0,33.1,True,False,ambiguous_dmy_assumed
1270,Oni Ratta,38.0,Male,Bike,2023-09-27,Delhi,4.5,624.0,21.7,False,False,mdy
1271,Jyoti Apte,37.0,Male,Bike,2024-09-18,Pune,3.8,719.0,21.3,False,False,dmy
1272,Nihal Dhaliwal,28.0,Female,Bike,2024-03-15,Indore,3.7,1133.0,43.7,False,False,dmy
1273,Aishani Buch,26.0,Female,Bike,2021-09-09,Jaipur,4.4,227.0,35.3,True,False,ambiguous_dmy_assumed
1274,Urvi Sampath,18.0,Female,Car,2023-09-22,Mumbai,4.1,634.0,24.0,False,False,fallback
1275,Lajita Shanker,34.0,Female,Bike,2022-06-23,Mumbai,3.6,766.0,25.8,False,False,dmy
1276,Yashoda Kunda,33.0,Male,Bike,2021-06-11,Bhopal,4.5,547.0,23.3,False,False,fallback
1277,Alka Ranganathan,22.0,Female,Bike,2024-12-20,Nashik,4.0,1040.0,38.1,False,False,ymd
1278,Gautam Vig,25.0,Male,Bike,2022-03-08,Kochi,4.4,1683.0,47.8,False,False,fallback
1279,Pranav Minhas,24.0,Male,Car,2021-09-15,Delhi,4.6,592.0,38.5,False,False,fallback
1280,Upkaar Roy,30.0,Female,Bicycle,2022-11-10,Hyderabad,4.1,689.0,44.0,True,False,ambiguous_dmy_assumed
1281,Isha Suri,31.0,Male,Scooter,2022-09-10,Indore,3.8,831.0,37.9,True,False,ambiguous_dmy_assumed
1282,Harish Khosla,39.0,Male,Bike,2023-12-26,Nagpur,4.2,251.0,14.3,False,False,ymd
1283,chandresh sura,31.0,Female,Bike,2025-02-16,Nashik,4.6,1052.0,27.2,False,False,ymd
1284,Hemangini Sankaran,18.0,Male,Car,2023-07-25,Bhopal,3.9,494.0,17.4,False,False,ymd
1285,Kalpit Nagi,23.0,Female,Bike,2024-11-23,Chennai,3.9,195.0,40.0,False,False,dmy
1286,Owen Arya,27.0,Male,Bike,2023-05-20,Pune,3.8,328.0,40.5,False,False,mdy
1287,Christopher Sen,38.0,Female,Scooter,2021-06-12,Coimbatore,4.4,1156.0,38.6,False,False,fallback
1288,Yamini Gill,19.0,Male,Bicycle,2023-05-29,Indore,4.4,223.0,15.1,False,False,ymd
1289,OVIYA CHOUDHURY,26.0,Male,Bike,2024-05-08,Indore,4.6,444.0,30.1,False,False,ymd
1290,Ayush Bahl,30.0,Female,Bike,2022-08-25,Chennai,4.2,1578.0,12.4,False,False,fallback
1291,Noah Chakraborty,35.0,Male,Car,2023-07-10,Chandigarh,3.9,656.0,32.3,True,False,ambiguous_dmy_assumed
1292,RACHANA CHOUDHARY,33.0,Male,Scooter,2021-12-11,Guwahati,4.0,391.0,34.5,False,False,fallback
1293,Qadim Shan,22.0,Female,Scooter,2021-09-24,Raipur,4.1,568.0,40.1,False,False,fallback
1294,Nirja Ganguly,27.0,Male,Car,2021-06-07,Surat,4.6,1081.0,27.5,True,False,ambiguous_dmy_assumed
1295,Maya Kalla,18.0,Male,Scooter,2024-01-10,Nagpur,4.0,179.0,35.9,False,False,ymd
1296,Janaki Sethi,42.0,Male,Bike,2021-03-09,Chennai,4.8,612.0,42.9,True,False,ambiguous_dmy_assumed
1297,Ekaja Badami,18.0,Male,Bike,2024-07-27,Kochi,4.3,695.0,26.1,False,False,ymd
1298,Eshana Hayre,27.0,Female,Car,2023-04-02,Chennai,,797.0,28.9,False,False,ymd
1299,Dalaja Mane,31.0,Male,Car,2022-10-23,Pune,4.3,634.0,18.8,False,False,mdy
1300,Vasatika Toor,23.0,Female,Scooter,2024-11-15,Mumbai,4.2,475.0,21.9,False,False,dmy
1301,Yashica Srivastava,32.0,Male,Scooter,2023-08-16,Jaipur,4.2,974.0,24.5,False,False,dmy
1302,Neel Kari,27.0,Female,Bike,2024-08-01,Pune,5.0,437.0,44.2,False,False,ymd
1303,Onkar Sant,35.0,Female,Bike,2024-08-19,Jaipur,4.1,506.0,46.8,False,False,ymd
1304,Chameli Bhatti,30.0,Male,Bike,2024-11-16,Bhubaneswar,4.1,560.0,35.4,False,False,dmy
1305,Fiyaz Kale,23.0,Male,Scooter,2022-12-03,Patna,3.6,753.0,29.9,True,False,ambiguous_dmy_assumed
1306,Tristan Balakrishnan,27.0,Female,Bike,2022-05-26,Chandigarh,3.8,972.0,22.2,False,False,fallback
1307,Abhiram Nair,22.0,Male,Bike,2024-08-23,Chennai,,123.0,44.3,False,False,ymd
1308,Alka Issac,28.0,Female,Bike,2024-12-16,Surat,4.3,909.0,33.3,False,False,dmy
1309,Sai Sama,19.0,Female,Bike,2022-03-28,Patna,4.2,396.0,18.1,False,False,fallback
1310,Pavani Hans,21.0,Female,Bike,2023-01-01,Chennai,3.5,772.0,33.3,False,False,ymd
1311,Vrinda Mody,34.0,Male,Bike,2022-02-20,Patna,4.6,925.0,32.5,False,False,mdy
1312,Eta Radhakrishnan,30.0,Male,Bike,2021-12-22,Kochi,3.8,562.0,48.4,False,False,ymd
1313,Rushil Chhabra,28.0,Male,Bike,2023-04-15,Jaipur,4.9,504.0,,False,False,ymd
1314,Avi Tandon,31.0,Female,Bicycle,2024-08-12,Patna,4.6,356.0,33.2,True,False,ambiguous_dmy_assumed
1315,Ishanvi Ratta,29.0,Male,Bike,2022-08-24,Vadodara,3.9,989.0,27.2,False,False,fallback
1316,Zashil Arya,30.0,Female,Scooter,2023-06-22,Nashik,4.2,632.0,19.8,False,False,mdy
1317,Andrew Nadkarni,29.0,Female,Bike,2024-01-06,Kolkata,4.2,531.0,38.5,True,False,ambiguous_dmy_assumed
1318,Maanav Parmer,24.0,Female,Bike,2022-03-18,Surat,3.8,514.0,36.0,False,False,ymd
1319,Harini Subramanian,31.0,Female,Bike,2024-03-03,Nagpur,3.9,847.0,31.7,False,False,ymd
1320,Pushti Edwin,22.0,Female,Bike,2024-12-29,Surat,4.2,826.0,38.5,False,False,ymd
1321,Chanakya Misra,30.0,Female,Bike,2024-09-12,Bengaluru,4.0,443.0,34.3,True,False,ambiguous_dmy_assumed
1322,Mugdha Bala,28.0,Male,Car,2022-06-24,Nashik,3.5,524.0,29.0,False,False,ymd
1323,Bina Rajan,19.0,Female,Bike,2022-06-25,Raipur,5.0,466.0,41.7,False,False,ymd
1324,Urmi Johal,25.0,Male,Scooter,2024-09-12,Nagpur,4.2,584.0,30.9,False,False,fallback
1325,Harita Chaudhuri,26.0,Female,Scooter,2022-03-22,Hyderabad,4.4,670.0,35.2,False,False,ymd
1326,Omya Guha,24.0,Female,Scooter,2022-05-20,Kolkata,5.0,310.0,55.4,False,False,mdy
1327,Krish Nadig,28.0,Female,Bike,2023-08-26,Bhopal,4.4,643.0,28.7,False,False,ymd
1328,Kai Nadig,19.0,Female,Scooter,2024-12-26,Patna,4.4,509.0,34.7,False,False,dmy
1329,Siddharth Pant,27.0,Female,Bike,2021-08-10,Ahmedabad,3.1,610.0,36.9,True,False,ambiguous_dmy_assumed
1330,Anjali Bhagat,25.0,Male,Scooter,2023-07-05,Guwahati,3.2,372.0,42.0,True,False,ambiguous_dmy_assumed
1331,Faqid Bhatnagar,35.0,Female,Bike,2023-10-10,Nagpur,5.0,646.0,32.9,False,False,ymd
1332,Aarav Issac,36.0,Male,Bike,2025-03-31,Lucknow,4.2,795.0,27.9,False,False,ymd
1333,Wriddhish Bhat,24.0,Male,Bike,2022-02-13,Vadodara,4.5,1241.0,21.1,False,False,dmy
1334,Onkar Trivedi,27.0,Male,Bike,2024-01-04,Vadodara,3.6,409.0,28.2,True,False,ambiguous_dmy_assumed
1335,Chandresh Subramanian,32.0,Female,Scooter,2023-12-09,Lucknow,4.2,697.0,39.6,False,False,ymd
1336,Tanay Sanghvi,30.0,Female,Bike,2021-07-28,Ludhiana,4.6,534.0,29.6,False,False,ymd
1337,Jyoti Subramanian,22.0,Male,Bike,2021-10-08,Bhopal,4.1,627.0,37.9,True,False,ambiguous_dmy_assumed
1338,Ekbal Koshy,27.0,Female,Bike,2023-12-23,Jaipur,3.8,500.0,27.3,False,False,fallback
1339,Om Parsa,34.0,Male,Bike,2023-03-20,Patna,4.3,290.0,38.8,False,False,fallback
1340,Brijesh Atwal,30.0,Female,Bike,2024-01-17,Visakhapatnam,3.6,589.0,35.9,False,False,ymd
1341,Matthew Patla,27.0,Male,Bike,2021-09-14,Chennai,4.3,939.0,22.5,False,False,dmy
1342,Ekani Narang,28.0,Male,Bike,2024-02-23,Bhubaneswar,4.3,426.0,30.4,False,False,dmy
1343,Chatresh Mody,33.0,Male,Bike,2024-04-06,Guwahati,3.5,420.0,37.1,False,False,fallback
1344,Nilima Dalal,35.0,Female,Bike,2022-05-20,Ahmedabad,4.4,357.0,40.2,False,False,dmy
1345,Nimrat De,26.0,Male,Bike,2022-02-22,Mumbai,4.1,396.0,49.2,False,False,ymd
1346,Chaitanya Apte,24.0,Male,Scooter,2021-09-20,Nagpur,4.5,627.0,36.3,False,False,dmy
1347,Thomas Nagarajan,22.0,Female,Scooter,2023-02-14,Ludhiana,3.7,442.0,40.1,False,False,dmy
1348,Yauvani Konda,34.0,Female,Scooter,2023-05-06,Chandigarh,4.7,693.0,36.5,False,False,fallback
1349,Michael Kakar,28.0,Male,Scooter,2025-03-21,Raipur,4.8,781.0,29.3,False,False,fallback
1350,Nitesh Devi,33.0,Female,Car,2022-01-12,Visakhapatnam,4.1,757.0,38.0,False,False,fallback
1351,Januja Bhatti,31.0,Male,Bike,2021-06-20,Patna,,119.0,42.6,False,False,fallback
1352,THOMAS KOHLI,35.0,Female,Bicycle,2024-05-17,Visakhapatnam,3.8,263.0,30.1,False,False,fallback
1353,Gunbir Gera,33.0,Female,Bicycle,2024-10-31,Delhi,4.4,538.0,37.3,False,False,dmy
1354,Yatan Bose,26.0,Male,Scooter,2022-02-01,Visakhapatnam,5.0,753.0,40.1,True,False,ambiguous_dmy_assumed
1355,Udarsh Nayak,18.0,Male,Scooter,2023-10-08,Patna,4.3,270.0,10.0,False,False,ymd
1356,Sathvik Kara,20.0,Female,Bike,2021-08-23,Delhi,4.4,428.0,28.3,False,False,fallback
1357,Sarthak Nagy,30.0,Male,Bicycle,2024-02-23,Hyderabad,4.7,242.0,39.4,False,False,dmy
1358,Forum Konda,27.0,Female,Scooter,2021-10-28,Nagpur,3.7,394.0,25.7,False,False,fallback
1359,Yadavi Ranganathan,23.0,Male,Bike,2021-11-16,Pune,4.0,1126.0,23.6,False,False,ymd
1360,Jason Kota,24.0,Female,Scooter,2024-03-01,Surat,4.5,343.0,25.9,False,False,ymd
1361,Anika Mishra,27.0,Male,Car,2023-07-04,Bhubaneswar,3.9,597.0,24.9,False,False,ymd
1362,Rohan Kalla,30.0,Male,Bike,2022-07-17,Delhi,3.9,839.0,31.0,False,False,dmy
1363,Qasim Hayer,23.0,Male,Bike,2022-09-03,Bengaluru,4.6,237.0,18.5,False,False,ymd
1364,Ekalinga Choudhry,33.0,Female,Scooter,2025-03-09,Indore,4.5,340.0,31.4,True,False,ambiguous_dmy_assumed
1365,Amrita Bava,34.0,Male,Scooter,2023-10-08,Lucknow,4.2,351.0,29.5,True,False,ambiguous_dmy_assumed
1366,Aishani Khosla,35.0,Female,Scooter,2024-07-02,Chandigarh,4.5,364.0,40.9,False,False,fallback
1367,Gavin Prasad,36.0,Female,Bike,2023-10-15,Guwahati,4.4,317.0,36.6,False,False,ymd
1368,Jasmit Barman,36.0,Male,Bike,2022-11-08,Surat,4.3,504.0,40.6,True,False,ambiguous_dmy_assumed
1369,Kala Sodhi,28.0,Female,Bike,2023-01-29,Visakhapatnam,4.6,504.0,50.9,False,False,fallback
1370,Ekalinga Madan,20.0,Male,Bicycle,2023-05-28,Bhubaneswar,3.7,1160.0,41.4,False,False,dmy
1371,Rachit Pall,30.0,Male,Bike,2022-05-27,Surat,4.5,152.0,33.4,False,False,ymd
1372,Jai Kata,19.0,Female,Scooter,2024-11-07,Indore,4.0,377.0,14.0,False,False,fallback
1373,Wazir Arora,25.0,Male,Bike,2022-10-08,Kochi,4.3,766.0,26.7,True,False,ambiguous_dmy_assumed
1374,Eiravati Mitra,33.0,Female,Scooter,2021-07-30,Mumbai,4.2,939.0,31.5,False,False,fallback
1375,Ansh Sawhney,28.0,Male,Car,2021-08-19,Indore,3.9,799.0,26.7,False,False,fallback
1376,Lakshit Venkataraman,26.0,Male,Bike,2024-01-11,Nagpur,4.1,481.0,25.2,True,False,ambiguous_dmy_assumed
1377,Oeshi Warrior,29.0,Female,Bike,2025-02-21,Chandigarh,4.3,430.0,38.7,False,False,mdy
1378,Anusha Nair,24.0,Male,Scooter,2024-02-13,Kochi,3.9,724.0,51.2,False,False,dmy
1379,Jyoti Majumdar,18.0,Male,Bike,2023-11-05,Bengaluru,3.8,709.0,37.3,True,False,ambiguous_dmy_assumed
1380,Sai Walla,25.0,Female,Bike,2021-07-30,Coimbatore,3.7,467.0,39.2,False,False,fallback
1381,Tristan Ganguly,36.0,Female,Scooter,2022-11-26,Pune,3.6,1175.0,39.4,False,False,fallback
1382,Madhavi Subramaniam,33.0,Female,Bike,2022-06-30,Raipur,3.9,838.0,20.7,False,False,ymd
1383,Ishwar Bakshi,22.0,Female,Scooter,2024-09-27,Hyderabad,4.3,577.0,40.2,False,False,dmy
1384,Ayaan Kadakia,27.0,Female,Bike,2023-02-09,Bhubaneswar,4.3,639.0,22.8,True,False,ambiguous_dmy_assumed
1385,Omya Kala,27.0,Male,Scooter,2021-09-02,Chandigarh,4.4,574.0,49.5,True,False,ambiguous_dmy_assumed
1386,Vedika Swaminathan,23.0,Male,Bike,2023-02-02,Vadodara,4.9,845.0,41.1,True,False,ambiguous_dmy_assumed
1387,Fariq Chanda,39.0,Female,Bike,2024-08-14,Bhubaneswar,4.6,447.0,27.6,False,False,fallback
1388,Dalbir Soni,38.0,Male,Bike,2023-03-12,Bhubaneswar,4.9,557.0,50.3,True,False,ambiguous_dmy_assumed
1389,Zaid Kapur,29.0,Female,Bike,2022-01-11,Raipur,4.0,278.0,28.8,True,False,ambiguous_dmy_assumed
1390,Manthan Murthy,28.0,Male,Car,2024-03-07,Ludhiana,5.0,381.0,28.1,True,False,ambiguous_dmy_assumed
1391,Yash Gala,19.0,Male,Bike,2023-06-25,Coimbatore,4.1,823.0,42.1,False,False,dmy
1392,Chaitanya Thakur,33.0,Male,Bike,2021-06-30,Bhopal,4.7,795.0,10.0,False,False,mdy
1393,Faris Deshpande,31.0,Male,Bike,2023-09-16,Hyderabad,4.9,242.0,22.4,False,False,dmy
1394,Waida Ramesh,32.0,Male,Scooter,2024-10-25,Mumbai,4.8,1549.0,45.9,False,False,fallback
1395,Panini Yohannan,18.0,Male,Car,2022-04-09,Pune,4.1,790.0,33.9,False,False,fallback
1396,Ekta Jayaraman,23.0,Male,Scooter,2022-08-25,Raipur,3.9,753.0,26.2,False,False,dmy
1397,Ojasvi Radhakrishnan,28.0,Male,Bike,2023-04-18,Nashik,4.2,647.0,30.5,False,False,fallback
1398,Upma Lall,36.0,Female,Bike,2024-06-18,Ahmedabad,4.7,556.0,26.5,False,False,ymd
1399,Anamika Shetty,22.0,Male,Car,2022-12-08,Visakhapatnam,5.0,781.0,21.4,False,False,fallback
1400,Max Dalal,24.0,Male,Car,2022-06-14,Pune,3.7,462.0,26.3,False,False,ymd
1401,Gagan Srinivasan,21.0,Male,Bike,2022-11-24,Ahmedabad,4.2,773.0,26.7,False,False,mdy
1402,Chatresh Pandey,23.0,Female,Scooter,2021-08-25,Bhubaneswar,4.1,795.0,40.6,False,False,mdy
1403,Nirja Johal,27.0,Female,Bicycle,2022-02-03,Ahmedabad,3.9,845.0,23.3,False,False,fallback
1404,Sachi Raja,32.0,Male,Bike,2024-08-21,Guwahati,4.5,1257.0,36.3,False,False,mdy
1405,Anjali Chaudhry,29.0,Female,Bike,2022-12-28,Jaipur,4.2,851.0,19.6,False,False,dmy
1406,Rajata Zacharia,24.0,Male,Bicycle,2022-08-30,Vadodara,3.7,852.0,37.3,False,False,dmy
1407,Lajita Nayar,30.0,Male,Bike,2022-08-11,Guwahati,4.0,555.0,51.7,False,False,ymd
1408,Kala Sengupta,36.0,Male,Bike,2022-10-24,Ahmedabad,4.2,1266.0,36.4,False,False,ymd
1409,Omkaar Agrawal,34.0,Female,Scooter,2024-03-27,Bhopal,4.0,901.0,22.9,False,False,dmy
1410,jhalak jha,24.0,Female,Bike,2023-03-27,Pune,4.1,785.0,33.4,False,False,mdy
1411,om dugar,27.0,Male,Bike,2024-01-08,Vadodara,4.0,556.0,24.8,False,False,fallback
1412,Balendra Dugar,28.0,Female,Bike,2022-07-30,Nagpur,3.9,540.0,45.3,False,False,dmy
1413,Theodore Date,24.0,Male,Bike,2023-09-19,Indore,4.1,443.0,48.1,False,False,mdy
1414,Manthan Badal,30.0,Female,Bike,2024-12-11,Kolkata,3.7,401.0,,False,False,fallback
1415,Neha Ramakrishnan,21.0,Male,Scooter,2021-07-21,Delhi,4.1,792.0,35.7,False,False,ymd
1416,Aarini Chatterjee,28.0,Male,Bike,2022-04-02,Mumbai,4.9,218.0,13.5,False,False,fallback
1417,Gagan Nadkarni,18.0,Male,Bike,2023-03-13,Bhopal,4.4,577.0,34.9,False,False,dmy
1418,Keya Rastogi,28.0,Male,Car,2024-06-06,Ludhiana,3.4,414.0,28.3,True,False,ambiguous_dmy_assumed
1419,Qadim Hegde,40.0,Male,Bike,2023-03-04,Kochi,4.0,769.0,29.5,False,False,fallback
1420,Dominic Bhakta,32.0,Female,Bicycle,2023-07-28,Bhubaneswar,4.8,2136.0,30.5,False,False,ymd
1421,Jalsa Chandra,19.0,Male,Bike,2023-06-02,Kochi,3.9,1599.0,24.2,True,False,ambiguous_dmy_assumed
1422,Chaitanya Munshi,18.0,Female,Bike,2024-07-27,Ahmedabad,4.4,547.0,23.8,False,False,dmy
1423,Ekaraj Tella,29.0,Male,Bike,2021-10-28,Nashik,4.3,299.0,38.4,False,False,ymd
1424,Gagan Rajagopalan,22.0,Female,Bike,2023-03-11,Mumbai,4.5,277.0,33.4,True,False,ambiguous_dmy_assumed
1425,Panini Kohli,18.0,Male,Car,2023-02-09,Nagpur,4.4,565.0,40.1,False,False,ymd
1426,Nakul Kata,22.0,Male,Scooter,2022-05-06,Patna,4.1,510.0,18.5,True,False,ambiguous_dmy_assumed
1427,Zansi Konda,25.0,Female,Bicycle,2022-06-27,Delhi,4.0,293.0,32.5,False,False,dmy
1428,Vedhika Varghese,24.0,Female,Bike,2021-11-13,Jaipur,5.0,623.0,39.1,False,False,ymd
1429,Timothy Prashad,28.0,Female,Scooter,2025-03-05,Kolkata,4.0,671.0,32.9,True,False,ambiguous_dmy_assumed
1430,Baljiwan Konda,27.0,Male,Car,2023-03-14,Nashik,4.0,323.0,29.0,False,False,ymd
1431,Anay Sem,26.0,Female,Bike,2021-12-11,Nashik,4.7,627.0,19.9,False,False,ymd
1432,Utkarsh Bhattacharyya,29.0,Male,Car,2022-04-18,Delhi,3.7,452.0,47.8,False,False,ymd
1433,Hema Rajagopal,22.0,Male,Car,2024-04-23,Kochi,4.4,1761.0,41.6,False,False,dmy
1434,Jairaj Arya,28.0,Female,Bike,2023-08-31,Kochi,4.2,419.0,18.3,False,False,dmy
1435,Anika Sule,28.0,Female,Bike,2023-11-20,Kolkata,4.5,258.0,32.2,False,False,ymd
1436,Arjun Devi,35.0,Female,Bicycle,2023-12-19,Lucknow,4.0,785.0,35.8,False,False,fallback
1437,Omaja Sanghvi,29.0,Female,Bike,2024-02-08,Vadodara,4.1,725.0,26.9,True,False,ambiguous_dmy_assumed
1438,Balveer Dar,31.0,Male,Bike,2024-01-28,Lucknow,,542.0,16.2,False,False,mdy
1439,Madhavi Kannan,35.0,Male,Bike,2023-04-26,Ludhiana,5.0,215.0,38.7,False,False,dmy
1440,Chatura Bhatia,37.0,Female,Bike,2024-04-10,Nashik,4.5,419.0,46.2,True,False,ambiguous_dmy_assumed
1441,Pooja Keer,38.0,Female,Bike,2022-09-28,Guwahati,4.1,308.0,33.2,False,False,mdy
1442,Eiravati Bhatia,26.0,Female,Bicycle,2022-04-24,Bengaluru,4.0,549.0,46.3,False,False,mdy
1443,Siya Koshy,20.0,Female,Bike,2024-07-18,Mumbai,4.0,276.0,24.7,False,False,dmy
1444,Rayaan Barman,33.0,Male,Car,2025-03-17,Coimbatore,4.1,1237.0,20.5,False,False,ymd
1445,Jonathan Tata,28.0,Female,Bike,2022-03-24,Visakhapatnam,4.6,377.0,25.3,False,False,ymd
1446,Krish Acharya,26.0,Female,Scooter,2022-02-05,Patna,4.3,253.0,38.2,True,False,ambiguous_dmy_assumed
1447,Arin Patel,21.0,Female,Bike,2025-03-28,Bhubaneswar,3.6,346.0,40.2,False,False,dmy
1448,Finn Buch,30.0,Male,Scooter,2023-03-05,Guwahati,4.2,665.0,37.6,True,False,ambiguous_dmy_assumed
1449,Dev Yadav,23.0,Male,Bike,2022-09-12,Surat,4.5,433.0,34.3,False,False,fallback
1450,Karan Gill,23.0,Male,Bike,2023-04-03,Chandigarh,4.2,993.0,37.1,True,False,ambiguous_dmy_assumed
1451,Yashawini Divan,20.0,Male,Bicycle,2022-03-20,Ludhiana,3.6,772.0,47.5,False,False,ymd
1452,Samar Bose,24.0,Male,Bike,2023-03-01,Pune,4.2,598.0,23.6,False,False,ymd
1453,Charan Nadkarni,28.0,Male,Bike,2024-05-16,Bhubaneswar,4.0,1003.0,30.6,False,False,ymd
1454,Nathan Chacko,27.0,Female,Scooter,2022-05-26,Pune,4.7,399.0,26.6,False,False,mdy
1455,Arin Merchant,23.0,Female,Bike,2022-11-24,Bhopal,4.1,398.0,26.2,False,False,fallback
1456,Joshua Mangat,27.0,Female,Bicycle,2023-10-13,Bengaluru,4.2,218.0,31.9,False,False,ymd
1457,Kevin Toor,23.0,Male,Bike,2024-12-07,Bhopal,4.0,284.0,44.6,False,False,ymd
1458,Utkarsh Sani,31.0,Male,Bike,2024-08-29,Raipur,3.9,1326.0,35.9,False,False,ymd
1459,Chandresh Nair,27.0,Male,Scooter,2022-12-01,Kochi,3.8,1375.0,46.0,False,False,ymd
1460,Rudra Char,34.0,Male,Scooter,2021-09-17,Patna,4.2,749.0,43.2,False,False,dmy
1461,Liam Agarwal,28.0,Male,Car,2021-07-28,Bhopal,3.6,699.0,21.7,False,False,ymd
1462,Zaitra Thaker,22.0,Male,Car,2025-01-20,Pune,4.9,349.0,34.1,False,False,ymd
1463,Urmi Nayar,20.0,Female,Scooter,2022-06-05,Lucknow,4.4,1365.0,19.4,True,False,ambiguous_dmy_assumed
1464,Rushil Gokhale,34.0,Male,Bike,2025-03-13,Nashik,4.1,215.0,17.4,False,False,fallback
1465,Bahadurjit Char,29.0,Female,Car,2023-05-12,Indore,4.0,308.0,28.8,False,False,ymd
1466,Ojas Bal,31.0,Female,Bicycle,2024-10-18,Nagpur,4.3,739.0,45.3,False,False,mdy
1467,Panini Nagar,30.0,Female,Bicycle,2022-10-20,Delhi,4.4,313.0,18.1,False,False,dmy
1468,Aarini Nazareth,27.0,Male,Bike,2021-07-17,Chennai,4.3,1328.0,29.3,False,False,ymd
1469,Ridhi Goswami,24.0,Male,Bike,2022-12-07,Patna,4.3,1029.0,51.5,False,False,fallback
1470,Zehaan Taneja,35.0,Female,Bike,2024-05-06,Visakhapatnam,4.3,1352.0,29.2,True,False,ambiguous_dmy_assumed
1471,Riya Pau,18.0,Female,Bike,2024-10-06,Coimbatore,3.1,687.0,41.8,False,False,ymd
1472,Suhani Mannan,22.0,Female,Bike,2025-01-30,Mumbai,3.4,267.0,27.4,False,False,dmy
1473,Jasmit Sibal,31.0,Male,Bike,2024-01-15,Raipur,4.0,443.0,33.6,False,False,fallback
1474,Aayush Kala,30.0,Male,Bike,2025-03-23,Bhopal,3.9,694.0,35.7,False,False,fallback
1475,devansh baral,32.0,Female,Bicycle,2023-03-31,Chennai,4.2,355.0,29.7,False,False,ymd
1476,Irya Grover,23.0,Female,Bike,2024-08-19,Patna,4.5,709.0,36.1,False,False,ymd
1477,Teerth Khanna,33.0,Male,Bike,2024-09-15,Kochi,4.0,498.0,24.6,False,False,ymd
1478,Urvi Mani,23.0,Male,Car,2022-11-26,Ludhiana,3.8,306.0,20.5,False,False,ymd
1479,Chandresh Dyal,32.0,Male,Bike,2023-11-26,Chandigarh,4.1,294.0,41.5,False,False,fallback
1480,Raghav Borra,25.0,Male,Car,2022-12-03,Hyderabad,4.4,396.0,29.0,True,False,ambiguous_dmy_assumed
1481,Bhavani Nori,30.0,Male,Bike,2024-03-25,Bhopal,3.6,673.0,50.6,False,False,dmy
1482,Tanmayi Baral,28.0,Male,Bike,2022-01-14,Indore,3.6,986.0,33.0,False,False,dmy
1483,Manthan Shroff,23.0,Male,Bike,2023-04-12,Pune,4.2,667.0,33.7,True,False,ambiguous_dmy_assumed
1484,Vedika Sagar,24.0,Male,Scooter,2024-11-16,Raipur,3.5,447.0,29.6,False,False,ymd
1485,Yashvi Venkatesh,25.0,Female,Scooter,2023-08-23,Mumbai,3.9,722.0,26.9,False,False,dmy
1486,Lakshmi Sem,18.0,Male,Scooter,2023-11-02,Bengaluru,3.8,270.0,25.2,True,False,ambiguous_dmy_assumed
1487,Vasudha Joshi,36.0,Male,Car,2024-09-03,Hyderabad,4.8,282.0,47.7,False,False,fallback
1488,Watika Madan,37.0,Female,Bike,2023-01-14,Vadodara,4.1,839.0,27.5,False,False,dmy
1489,Turvi Shah,28.0,Male,Bike,2023-02-09,Kochi,4.3,611.0,16.7,False,False,ymd
1490,Dev Chahal,33.0,Male,Bike,2022-05-12,Hyderabad,3.7,599.0,23.6,False,False,ymd
1491,Manya Mander,19.0,Male,Bike,2024-07-29,Raipur,4.4,402.0,,False,False,fallback
1492,Aarav Lanka,36.0,Male,Bike,2023-11-02,Vadodara,3.9,676.0,30.3,False,False,ymd
1493,Ikbal Saini,30.0,Male,Bicycle,2023-12-08,Nagpur,3.7,717.0,36.1,False,False,ymd
1494,Aradhana Sethi,29.0,Female,Bike,2024-10-03,Lucknow,4.1,563.0,44.6,False,False,fallback
1495,Saksham Sha,24.0,Female,Bike,2022-11-25,Raipur,4.3,320.0,32.2,False,False,ymd
1496,Zehaan Sood,26.0,Male,Bike,2025-01-30,Bengaluru,4.5,596.0,23.8,False,False,mdy
1497,Yatin Pathak,36.0,Male,Bike,2023-03-16,Coimbatore,3.6,338.0,23.5,False,False,dmy
1498,Sanya Arora,35.0,Female,Bike,2023-08-25,Ahmedabad,4.2,482.0,34.4,False,False,ymd
1499,Indali Sangha,30.0,Female,Bike,2023-09-27,Guwahati,4.4,89.0,22.7,False,False,fallback
1500,Jai Dhillon,22.0,Male,Bike,2023-09-24,Kolkata,4.1,554.0,37.8,False,False,ymd
1501,Ayushman Sha,18.0,Male,Scooter,2023-01-06,Kolkata,3.8,434.0,33.4,False,False,ymd
1502,ZEHAAN SARMA,22.0,Female,Bike,2022-03-16,Mumbai,4.4,426.0,22.3,False,False,ymd
1503,Triveni Bhatnagar,33.0,Female,Scooter,2025-03-16,Kolkata,4.1,382.0,24.7,False,False,dmy
1504,Ekaja Ben,33.0,Female,Bike,2022-11-24,Vadodara,,372.0,25.9,False,False,dmy
1505,Tristan Bawa,18.0,Female,Scooter,2022-08-20,Mumbai,4.1,1055.0,25.6,False,False,mdy
1506,Gagan Gokhale,32.0,Female,Scooter,2024-03-08,Visakhapatnam,4.3,775.0,37.8,False,False,ymd
1507,Eiravati Oommen,20.0,Male,Bike,2024-06-20,Raipur,4.1,313.0,28.6,False,False,mdy
1508,Girik Lanka,21.0,Female,Bicycle,2022-12-07,Bengaluru,4.9,622.0,27.8,True,False,ambiguous_dmy_assumed
1509,Harini Kaul,21.0,Female,Bike,2025-02-16,Kolkata,4.2,365.0,38.6,False,False,dmy
1510,Krishna Ray,28.0,Female,Bike,2021-08-09,Jaipur,5.0,1428.0,19.8,True,False,ambiguous_dmy_assumed
1511,Hemani Nadig,20.0,Male,Car,2023-06-09,Coimbatore,4.2,1251.0,33.4,True,False,ambiguous_dmy_assumed
1512,Jagrati Madan,28.0,Female,Scooter,2022-06-18,Pune,4.3,968.0,34.2,False,False,mdy
1513,Nidra Handa,31.0,Male,Scooter,2025-03-14,Raipur,4.2,552.0,48.1,False,False,fallback
1514,Harshil Narang,27.0,Female,Bike,2021-07-24,Delhi,4.2,387.0,29.7,False,False,dmy
1515,Hredhaan Soman,21.0,Female,Bike,2024-01-31,Chennai,4.6,419.0,39.5,False,False,ymd
1516,Nathaniel Bhasin,31.0,Male,Bike,2025-02-09,Ahmedabad,4.3,469.0,29.8,False,False,ymd
1517,Luke Biswas,33.0,Male,Bike,2023-10-08,Guwahati,4.6,786.0,16.2,False,False,ymd
1518,DIVYA TANEJA,18.0,Male,Bike,2024-12-11,Chennai,4.1,1270.0,22.0,False,False,ymd
1519,Faqid Bhavsar,28.0,Male,Scooter,2024-11-14,Bhubaneswar,4.0,639.0,18.3,False,False,ymd
1520,Gaurav Dhingra,26.0,Male,Car,2023-06-20,Ludhiana,4.5,629.0,26.7,False,False,fallback
1521,Devika Gulati,27.0,Female,Bike,2024-02-08,Ludhiana,3.4,138.0,31.6,False,False,ymd
1522, Sanya Goyal  ,18.0,Male,Car,2021-09-02,Patna,4.2,1160.0,35.5,False,False,ymd
1523,Banjeet Golla,23.0,Female,Car,2023-04-08,Hyderabad,4.2,937.0,38.8,True,False,ambiguous_dmy_assumed
1524,Kashvi Ranganathan,22.0,Male,Bicycle,2023-09-08,Jaipur,4.2,285.0,24.0,False,False,ymd
1525, Caleb Parikh  ,24.0,Male,Bike,2024-02-18,Bengaluru,5.0,350.0,29.3,False,False,mdy
1526,Parth Kale,40.0,Female,Bike,2025-03-31,Ludhiana,4.0,667.0,34.4,False,False,ymd
1527,Manya Kala,30.0,Female,Bike,2024-09-11,Lucknow,4.2,234.0,38.9,False,False,ymd
1528,Faras Pall,26.0,Male,Bike,2021-07-01,Bhubaneswar,3.4,484.0,23.9,False,False,fallback
1529,Anusha Garg,43.0,Female,Bike,2021-08-05,Ahmedabad,4.4,568.0,47.2,False,False,ymd
1530,Aishani Sengupta,28.0,Male,Bike,2022-09-12,Visakhapatnam,4.4,664.0,32.7,False,False,fallback
1531,Jackson Vohra,27.0,Male,Scooter,2025-02-18,Hyderabad,4.2,117.0,40.5,False,False,ymd
1532,Ishanvi Deep,29.0,Female,Bike,2022-07-02,Nagpur,4.4,402.0,42.3,True,False,ambiguous_dmy_assumed
1533,Faris Raju,33.0,Male,Car,2024-12-20,Kochi,4.3,107.0,27.6,False,False,ymd
1534,Advaith Palan,28.0,Female,Bike,2024-10-27,Bhopal,4.4,588.0,30.3,False,False,ymd
1535,Reva Kibe,29.0,Male,Car,2023-02-21,Coimbatore,3.1,729.0,30.2,False,False,ymd
1536,Widisha Randhawa,21.0,Female,Bike,2025-02-25,Guwahati,4.3,1302.0,47.3,False,False,mdy
1537,Triveni Ravel,29.0,Female,Bike,2021-06-08,Hyderabad,4.6,754.0,36.3,False,False,fallback
1538,FARIS SRIDHAR,36.0,Female,Scooter,2024-01-23,Jaipur,4.1,1182.0,33.6,False,False,dmy
1539,Mitesh Om,28.0,Female,Bike,2023-03-03,Hyderabad,4.2,626.0,38.9,True,False,ambiguous_dmy_assumed
1540,Gavin Loyal,30.0,Female,Scooter,2021-08-20,Vadodara,4.4,1266.0,28.8,False,False,fallback
1541,Bhavika Balay,25.0,Male,Bike,2023-11-25,Chennai,,276.0,15.5,False,False,dmy
1542,Chatresh Bava,28.0,Female,Bike,2025-01-19,Coimbatore,4.4,261.0,33.8,False,False,ymd
1543,Nikita Parmer,23.0,Male,Bike,2024-02-17,Bhopal,3.8,401.0,31.2,False,False,dmy
1544,Nimrat Dugar,28.0,Male,Bike,2023-05-13,Bhubaneswar,4.1,659.0,40.5,False,False,dmy
1545,Ayaan Sawhney,18.0,Female,Bike,2024-03-12,Coimbatore,3.8,590.0,46.5,True,False,ambiguous_dmy_assumed
1546,David Roy,30.0,Female,Bike,2022-07-02,Coimbatore,4.3,1046.0,35.6,True,False,ambiguous_dmy_assumed
1547,Chatura Gulati,28.0,Female,Bicycle,2022-06-09,Lucknow,4.6,993.0,20.4,False,False,ymd
1548,Chakradhar Kadakia,26.0,Female,Bike,2022-12-10,Surat,4.5,497.0,26.0,False,False,ymd
1549,Pranit Mangal,23.0,Male,Bicycle,2023-10-19,Bhopal,2.8,687.0,29.5,False,False,fallback
1550,Adweta Subramanian,25.0,Male,Bike,2021-10-28,Pune,4.1,1193.0,16.6,False,False,dmy
1551,Udant Mani,34.0,Male,Scooter,2022-12-20,Indore,3.9,820.0,21.0,False,False,ymd
1552,Sachi Karpe,27.0,Female,Bike,2023-08-13,Vadodara,4.2,656.0,32.9,False,False,mdy
1553,Idika Ray,23.0,Male,Bike,2025-03-20,Guwahati,4.1,1034.0,31.7,False,False,ymd
1554,Tarak Gupta,27.0,Female,Bike,2025-01-25,Nagpur,3.9,520.0,37.8,False,False,ymd
1555,Anay Pall,40.0,Female,Scooter,2024-04-11,Chennai,3.9,658.0,39.6,True,False,ambiguous_dmy_assumed
1556,Aashi Rattan,23.0,Male,Bike,2023-06-09,Mumbai,4.1,993.0,35.7,False,False,ymd
1557,Ganga Hayre,19.0,Female,Bike,2024-05-16,Chennai,4.1,423.0,35.1,False,False,dmy
1558,Sanaya Hora,31.0,Male,Scooter,2023-03-24,Hyderabad,4.5,765.0,35.1,False,False,dmy
1559,Raagini Kota,33.0,Female,Bike,2023-01-17,Jaipur,3.4,335.0,25.5,False,False,fallback
1560,Logan Sarna,40.0,Female,Scooter,2023-02-26,Bhubaneswar,4.4,388.0,43.1,False,False,dmy
1561,Krish Desai,18.0,Male,Bicycle,2021-08-30,Surat,4.2,504.0,31.4,False,False,dmy
1562,Caleb D’Alia,25.0,Female,Bike,2022-07-14,Patna,3.4,454.0,33.9,False,False,mdy
1563,Arin Doctor,23.0,Female,Bike,2022-11-22,Bhopal,3.9,768.0,31.7,False,False,ymd
1564,Jagdish Aggarwal,24.0,Female,Scooter,2024-12-17,Surat,4.6,880.0,36.8,False,False,fallback
1565,Yachana Khurana,33.0,Female,Bike,2022-07-06,Bhubaneswar,3.7,207.0,37.7,False,False,ymd
1566,Lakshit Sengupta,25.0,Male,Bicycle,2023-08-15,Kochi,4.0,332.0,44.6,False,False,fallback
1567,Ekani Agate,32.0,Male,Scooter,2022-11-10,Coimbatore,4.1,303.0,27.9,True,False,ambiguous_dmy_assumed
1568,Darsh Kant,18.0,Female,Bike,2021-10-11,Lucknow,4.4,1183.0,48.6,True,False,ambiguous_dmy_assumed
1569,Krisha Yogi,28.0,Male,Bike,2024-07-17,Nagpur,4.9,695.0,39.5,False,False,mdy
1570,Henry Narayanan,30.0,Male,Car,2025-02-10,Patna,4.3,487.0,24.6,False,False,fallback
1571,Falguni Parikh,32.0,Male,Car,2023-10-25,Delhi,3.8,412.0,41.3,False,False,mdy
1572,Sara Chatterjee,28.0,Female,Bike,2024-04-19,Kolkata,5.0,283.0,28.9,False,False,fallback
1573,Veda Contractor,31.0,Male,Bicycle,2023-02-12,Nagpur,3.9,977.0,21.1,True,False,ambiguous_dmy_assumed
1574,Akshay Badami,28.0,Male,Bike,2024-07-13,Guwahati,4.1,901.0,31.8,False,False,dmy
1575,Damyanti Dass,29.0,Male,Bike,2024-06-20,Bhopal,4.4,328.0,27.7,False,False,ymd
1576,Sai Singhal,25.0,Female,Bike,2023-02-09,Pune,4.7,716.0,25.2,True,False,ambiguous_dmy_assumed
1577,Jalsa Rana,24.0,Male,Bike,2024-07-06,Chennai,3.3,816.0,14.8,True,False,ambiguous_dmy_assumed
1578,Karan Borah,29.0,Female,Bike,2022-03-13,Coimbatore,4.8,395.0,41.9,False,False,ymd
1579,Upadhriti Ghosh,28.0,Female,Bike,2023-11-28,Ahmedabad,4.2,1148.0,26.2,False,False,ymd
1580,Naksh Jaggi,21.0,Female,Scooter,2024-12-31,Indore,4.7,373.0,20.8,False,False,mdy
1581, Shivani Sheth  ,34.0,Female,Bike,2022-08-18,Coimbatore,4.5,284.0,33.0,False,False,ymd
1582,Forum Kata,29.0,Female,Bike,2024-06-02,Ahmedabad,3.7,304.0,30.9,False,False,ymd
1583,darsh narain,26.0,Female,Bike,2024-03-10,Bhubaneswar,4.2,1013.0,18.9,True,False,ambiguous_dmy_assumed
1584,Arin Mahal,22.0,Female,Scooter,2023-06-03,Indore,4.9,826.0,38.0,True,False,ambiguous_dmy_assumed
1585,Samaksh Morar,25.0,Male,Bike,2024-04-22,Kolkata,3.9,526.0,38.1,False,False,fallback
1586,Aadi Om,18.0,Male,Scooter,2022-10-16,Visakhapatnam,4.4,433.0,27.7,False,False,dmy
1587,Vrinda Bora,27.0,Male,Scooter,2025-01-23,Chennai,3.9,627.0,24.3,False,False,ymd
1588,Xalak Tripathi,38.0,Female,Scooter,2021-09-08,Surat,4.7,538.0,41.2,False,False,fallback
1589,Daksh Comar,39.0,Male,Bike,2021-10-27,Ahmedabad,3.9,1128.0,38.3,False,False,ymd
1590,Warinder Nagarajan,24.0,Female,Bicycle,2025-01-02,Raipur,4.7,685.0,17.5,False,False,ymd
1591,Vamakshi Thaman,19.0,Female,Bike,2023-01-26,Jaipur,4.2,295.0,,False,False,dmy
1592,Anita Lanka,31.0,Female,Bike,2023-12-11,Ludhiana,4.9,958.0,39.4,False,False,ymd
1593,Ria Sane,24.0,Female,Bike,2022-03-27,Patna,3.9,808.0,31.0,False,False,ymd
1594,Brijesh Talwar,28.0,Female,Bike,2022-02-03,Patna,3.8,1011.0,26.6,True,False,ambiguous_dmy_assumed
1595,Azad Ranganathan,18.0,Female,Car,2023-09-02,Ludhiana,4.0,663.0,24.1,True,False,ambiguous_dmy_assumed
1596,Harita Mahal,25.0,Female,Bike,2023-08-25,Visakhapatnam,4.5,496.0,24.0,False,False,dmy
1597,Gaurangi Zachariah,18.0,Male,Bike,2023-09-30,Mumbai,4.3,798.0,20.4,False,False,dmy
1598,Vinaya Bera,21.0,Female,Scooter,2021-09-27,Chennai,4.4,410.0,28.9,False,False,fallback
1599,Harrison Suri,37.0,Female,Bike,2024-10-31,Patna,4.2,697.0,31.1,False,False,ymd
1600,Amaira Parsa,41.0,Male,Scooter,2025-02-19,Bhopal,4.9,738.0,34.1,False,False,mdy
1601,Ronith Patla,31.0,Female,Scooter,2023-04-29,Bhubaneswar,4.2,824.0,39.9,False,False,dmy
1602,Brinda Sur,25.0,Male,Car,2024-07-27,Indore,3.7,840.0,40.4,False,False,ymd
1603,Aashi Sekhon,28.0,Female,Bike,2023-01-28,Patna,4.7,237.0,31.7,False,False,mdy
1604,Tanish Choudhry,32.0,Female,Bike,2023-03-29,Chennai,4.2,956.0,38.1,False,False,fallback
1605,Yatin Zacharia,24.0,Female,Scooter,2024-02-08,Indore,4.1,503.0,40.3,True,False,ambiguous_dmy_assumed
1606,NIHAL KAUL,32.0,Male,Bicycle,2025-01-20,Nagpur,4.7,977.0,29.1,False,False,mdy
1607,Jagat Sem,18.0,Male,Bike,2024-05-16,Kolkata,4.5,367.0,35.8,False,False,ymd
1609,Riya Narayan,20.0,Female,Car,2022-11-19,Pune,4.0,332.0,14.8,False,False,mdy
1610,Aarnav Bakshi,33.0,Female,Bike,2024-05-12,Ahmedabad,4.1,759.0,21.0,True,False,ambiguous_dmy_assumed
1611,Ekani Dua,21.0,Male,Bicycle,2023-02-04,Bengaluru,5.0,269.0,36.6,True,False,ambiguous_dmy_assumed
1612,Qushi Gade,33.0,Male,Scooter,2024-10-01,Vadodara,4.2,680.0,28.4,True,False,ambiguous_dmy_assumed
1613,Aarush Gulati,31.0,Male,Car,2021-04-12,Kolkata,4.4,1101.0,24.0,True,False,ambiguous_dmy_assumed
1614,Chatura Rege,22.0,Female,Bike,2023-07-11,Kolkata,5.0,687.0,40.2,False,False,ymd
1615,Rachana Bora,28.0,Male,Scooter,2022-09-03,Chandigarh,4.3,599.0,21.3,False,False,ymd
1616,Panini Kala,30.0,Male,Bicycle,2024-05-08,Ahmedabad,4.3,498.0,35.9,False,False,fallback
1617,Irya Ahuja,27.0,Female,Bike,2022-08-31,Visakhapatnam,4.5,363.0,25.4,False,False,dmy
1618,Chaitaly Memon,32.0,Female,Scooter,2021-10-05,Surat,4.5,852.0,19.1,False,False,fallback
1619,Bhanumati Roy,37.0,Female,Bike,2021-06-30,Coimbatore,4.1,820.0,47.5,False,False,dmy
1620,Michael Dhar,36.0,Male,Scooter,2024-05-26,Raipur,4.0,408.0,28.5,False,False,dmy
1621,Peter Narayanan,29.0,Female,Bike,2023-05-19,Guwahati,4.0,130.0,50.6,False,False,ymd
1622,Vincent Raghavan,24.0,Female,Bike,2024-07-02,Chandigarh,3.8,481.0,41.1,False,False,ymd
1623,Gagan Raju,31.0,Male,Bike,2024-05-20,Kochi,4.2,476.0,34.8,False,False,ymd
1624,Xiti Parmer,20.0,Female,Scooter,2022-05-17,Pune,3.7,504.0,39.3,False,False,dmy
1625,Manbir Chand,25.0,Female,Bike,2024-11-13,Ahmedabad,4.0,566.0,37.2,False,False,ymd
1626,Aarini Arya,24.0,Female,Bicycle,2022-03-06,Delhi,,515.0,41.7,True,False,ambiguous_dmy_assumed
1627,ekaraj ganguly,18.0,Female,Bike,2023-02-16,Delhi,4.5,768.0,20.7,False,False,dmy
1628,Upasna Chana,29.0,Female,Bike,2021-07-14,Lucknow,,890.0,30.3,False,False,dmy
1629,Hemangini Tata,32.0,Male,Bike,2024-12-14,Coimbatore,4.5,594.0,32.3,False,False,mdy
1630,Janani Sampath,22.0,Male,Bike,2024-06-03,Jaipur,3.4,1161.0,45.6,False,False,fallback
1631,Abhiram Rajagopal,18.0,Male,Bike,2024-01-06,Lucknow,4.5,596.0,32.6,True,False,ambiguous_dmy_assumed
1632,Aachal Divan,45.0,Male,Car,2024-10-21,Visakhapatnam,3.9,491.0,31.1,False,False,fallback
1633,Rachana Dora,37.0,Male,Bike,2022-01-14,Ludhiana,4.1,167.0,36.5,False,False,dmy
1634,Yadavi Comar,24.0,Male,Scooter,2024-01-21,Bhopal,4.4,431.0,29.3,False,False,ymd
1635,Rayaan Gera,29.0,Male,Car,2022-02-26,Visakhapatnam,3.8,470.0,24.8,False,False,dmy
1636,Shivani Rana,29.0,Male,Scooter,2021-10-09,Nashik,4.3,757.0,31.2,False,False,fallback
1637,Damini Sule,40.0,Male,Bike,2023-02-07,Ludhiana,3.8,850.0,14.5,False,False,ymd
1638,Nirja Vyas,28.0,Female,Bike,2022-09-07,Visakhapatnam,4.0,177.0,22.2,True,False,ambiguous_dmy_assumed
1639,Nisha Mane,24.0,Male,Car,2022-07-08,Ahmedabad,4.3,386.0,31.1,False,False,ymd
1640,Kashish Murthy,24.0,Male,Bike,2022-11-01,Nagpur,4.6,951.0,31.3,True,False,ambiguous_dmy_assumed
1641,Bhavini Raghavan,26.0,Male,Bike,2022-09-18,Delhi,3.7,537.0,29.9,False,False,ymd
1642,Alka Munshi,28.0,Male,Bike,2024-03-13,Bhopal,4.4,682.0,32.6,False,False,mdy
1643,Ikbal Sankar,21.0,Male,Car,2022-05-11,Jaipur,4.5,786.0,32.2,False,False,ymd
1644,Devansh Viswanathan,25.0,Male,Scooter,2022-10-24,Jaipur,4.2,1427.0,54.6,False,False,dmy
1645,Lakshmi Kalita,23.0,Female,Scooter,2024-03-02,Lucknow,5.0,267.0,36.7,False,False,fallback
1646,Anay Chada,27.0,Male,Bike,2024-10-14,Delhi,4.4,563.0,29.4,False,False,dmy
1647,Lohit Bawa,31.0,Female,Bicycle,2023-02-03,Vadodara,4.4,474.0,37.6,False,False,ymd
1648,eiravati sur,27.0,Female,Scooter,2021-10-08,Bengaluru,4.3,580.0,40.7,True,False,ambiguous_dmy_assumed
1649,Yashoda Murthy,20.0,Female,Scooter,2022-04-13,Lucknow,3.9,732.0,29.5,False,False,ymd
1650,Nathaniel Jain,38.0,Male,Bike,2021-11-21,Bhubaneswar,5.0,930.0,32.8,False,False,mdy
1651,Eesha Chaudhry,30.0,Male,Bike,2021-06-13,Bhopal,4.9,491.0,35.1,False,False,mdy
1652,Mitali Khosla,23.0,Female,Bike,2023-06-11,Patna,4.5,1100.0,26.6,True,False,ambiguous_dmy_assumed
1653,Oscar De,27.0,Female,Bike,2024-08-02,Nashik,4.4,853.0,26.0,False,False,ymd
1654,Advaith Srinivas,30.0,Male,Bicycle,2024-10-19,Jaipur,4.3,524.0,34.3,False,False,dmy
1655,Nathan Sachdeva,22.0,Female,Bicycle,2023-11-21,Bhopal,5.0,511.0,35.3,False,False,ymd
1656,Ira Devi,38.0,Female,Scooter,2023-04-26,Vadodara,3.9,958.0,27.8,False,False,fallback
1657,qabil bir,19.0,Female,Bike,2021-07-07,Ludhiana,4.6,337.0,23.8,True,False,ambiguous_dmy_assumed
1658,Aarini Chowdhury,21.0,Female,Bike,2025-02-05,Lucknow,4.3,1004.0,42.0,False,False,fallback
1659,Liam Dhillon,26.0,Male,Scooter,2024-10-17,Pune,4.8,318.0,25.6,False,False,ymd
1660,Bhavika Goda,26.0,Female,Bike,2021-08-31,Nagpur,4.3,563.0,38.2,False,False,mdy
1661,Alka Mani,27.0,Female,Bike,2024-12-13,Chennai,4.4,1313.0,,False,False,fallback
1662,Rajeshri Sen,28.0,Male,Bike,2023-04-21,Visakhapatnam,4.1,1027.0,19.1,False,False,ymd
1663,Ekanta Dhaliwal,28.0,Female,Bike,2025-05-01,Hyderabad,4.1,964.0,22.1,True,False,ambiguous_dmy_assumed
1664,Simon D’Alia,33.0,Male,Car,2023-06-08,Bhubaneswar,4.4,667.0,36.1,False,False,fallback
1665,Abdul Ravi,27.0,Female,Scooter,2024-10-14,Ahmedabad,3.6,432.0,32.6,False,False,fallback
1666,Ekavir Luthra,21.0,Male,Scooter,2021-09-02,Kolkata,4.0,380.0,22.9,False,False,fallback
1667,Chatura Sunder,26.0,Male,Bike,2023-06-08,Hyderabad,4.5,400.0,19.8,True,False,ambiguous_dmy_assumed
1668,Nitesh Goel,32.0,Male,Scooter,2024-07-09,Bhopal,4.2,698.0,34.7,True,False,ambiguous_dmy_assumed
1669,Maanav Prabhu,20.0,Male,Bike,2024-04-30,Chandigarh,4.0,1021.0,42.7,False,False,dmy
1670,Udarsh Kapur,23.0,Female,Scooter,2023-11-03,Patna,4.5,550.0,29.1,False,False,ymd
1671,Krishna Lalla,27.0,Female,Bike,2023-09-24,Pune,4.0,677.0,49.7,False,False,ymd
1672,Tanish Chaudhari,26.0,Male,Scooter,2021-06-15,Lucknow,3.7,400.0,40.0,False,False,ymd
1673,Manya Ghosh,30.0,Male,Scooter,2024-08-30,Ludhiana,4.6,683.0,40.6,False,False,mdy
1674,Jhalak Hora,28.0,Male,Bike,2022-02-24,Bhopal,4.1,698.0,20.5,False,False,ymd
1675,Advaith Halder,26.0,Female,Car,2024-10-04,Visakhapatnam,3.8,345.0,39.0,False,False,ymd
1676,Amrita Zacharia,26.0,Female,Bike,2022-09-03,Chandigarh,4.4,355.0,20.2,False,False,ymd
1677,Abha Mutti,29.0,Male,Bike,2021-08-19,Indore,4.1,1628.0,35.8,False,False,dmy
1678,Wakeeta Sarna,28.0,Female,Scooter,2023-01-07,Hyderabad,4.3,424.0,35.1,False,False,ymd
1679,Jasmit Dara,32.0,Female,Scooter,2022-03-23,Guwahati,3.9,416.0,43.3,False,False,mdy
1680,Peter Aggarwal,38.0,Male,Bike,2023-11-02,Delhi,5.0,851.0,,False,False,ymd
1681,Bhavani Bhandari,21.0,Female,Bike,2024-03-06,Vadodara,5.0,1058.0,29.9,True,False,ambiguous_dmy_assumed
1682,Fariq Swaminathan,32.0,Female,Scooter,2024-06-23,Patna,4.4,549.0,19.2,False,False,dmy
1683,Baghyawati Varghese,26.0,Female,Scooter,2023-08-31,Chandigarh,3.7,454.0,16.6,False,False,dmy
1684,Gaurav Hayer,28.0,Female,Bike,2024-01-05,Delhi,4.3,477.0,33.6,False,False,ymd
1685,Charles Nazareth,22.0,Male,Scooter,2021-09-10,Visakhapatnam,3.8,518.0,41.7,True,False,ambiguous_dmy_assumed
1686,Ikshita Goswami,30.0,Female,Car,2023-12-27,Lucknow,3.8,1492.0,37.9,False,False,fallback
1687,Wriddhish Majumdar,27.0,Female,Car,2024-07-17,Bhubaneswar,4.2,560.0,26.4,False,False,fallback
1688,Chatura Ratti,18.0,Female,Scooter,2022-03-06,Pune,3.3,475.0,30.5,True,False,ambiguous_dmy_assumed
1689,Idika Basak,18.0,Female,Bike,2022-07-23,Bengaluru,4.2,330.0,22.6,False,False,mdy
1690,chanakya mall,25.0,Female,Scooter,2025-03-22,Bengaluru,5.0,788.0,40.9,False,False,dmy
1691,chameli divan,27.0,Female,Bike,2024-05-19,Kolkata,4.3,531.0,41.6,False,False,ymd
1692,Wriddhish Parmar,27.0,Male,Bike,2024-03-10,Chandigarh,5.0,865.0,28.1,False,False,ymd
1693,Ayaan Patel,35.0,Female,Bike,2024-02-19,Vadodara,3.8,545.0,20.0,False,False,mdy
1694,Jagrati Nadkarni,22.0,Male,Car,2024-07-10,Hyderabad,3.5,166.0,35.5,False,False,fallback
1695,Upasna Keer,18.0,Male,Bike,2023-08-24,Coimbatore,4.6,631.0,35.0,False,False,fallback
1696,Hema Ratti,26.0,Male,Bike,2023-06-18,Chennai,4.3,921.0,33.3,False,False,dmy
1697,TANVEER DEVI,35.0,Female,Car,2023-02-26,Hyderabad,4.3,1072.0,17.4,False,False,mdy
1698,Simon Om,30.0,Female,Scooter,2021-07-10,Hyderabad,4.6,415.0,39.7,False,False,ymd
1699,Amara Deshmukh,31.0,Male,Bike,2022-01-20,Ludhiana,4.0,1180.0,22.8,False,False,fallback
1700,Ria Desai,30.0,Female,Bike,2021-09-24,Visakhapatnam,3.4,72.0,34.9,False,False,mdy
1701,Ekbal Sahni,23.0,Female,Car,2022-11-29,Nashik,4.2,530.0,48.7,False,False,dmy
1702,Devansh Bal,25.0,Female,Bicycle,2022-02-18,Mumbai,3.7,563.0,39.5,False,False,dmy
1703,Lajita Bajaj,32.0,Female,Bicycle,2025-02-01,Hyderabad,4.1,236.0,31.7,True,False,ambiguous_dmy_assumed
1704,Meera Date,35.0,Female,Bike,2025-03-23,Mumbai,4.6,932.0,64.2,False,False,dmy
1705,Chakradhar Ratta,19.0,Female,Bike,2022-03-05,Kolkata,3.9,563.0,44.0,False,False,ymd
1706,Vamakshi Dey,31.0,Female,Bike,2023-07-14,Hyderabad,4.4,736.0,23.7,False,False,dmy
1707,Ikshita Chahal,31.0,Male,Car,2024-06-29,Bhopal,4.4,575.0,52.1,False,False,mdy
1708,Michael Chandran,28.0,Male,Bike,2024-11-18,Indore,4.3,896.0,40.2,False,False,dmy
1709,Vivaan Nazareth,22.0,Male,Scooter,2022-09-03,Vadodara,4.5,286.0,32.6,True,False,ambiguous_dmy_assumed
1710,Andrew Dhillon,26.0,Female,Bike,2024-05-16,Nashik,4.5,317.0,34.3,False,False,fallback
1711,Onveer Saini,27.0,Female,Bike,2024-01-19,Vadodara,4.0,637.0,40.6,False,False,dmy
1712,Hritik Puri,36.0,Female,Scooter,2024-12-26,Nagpur,4.2,713.0,37.7,False,False,ymd
1713,Pavani Vig,18.0,Female,Bike,2021-09-12,Surat,3.9,326.0,44.1,True,False,ambiguous_dmy_assumed
1714,ISAIAH VERMA,25.0,Male,Bike,2024-07-28,Coimbatore,5.0,338.0,32.4,False,False,mdy
1715,Dhruv Gaba,18.0,Male,Scooter,2024-07-05,Chandigarh,4.2,676.0,38.9,False,False,ymd
1716,Vamakshi Badal,19.0,Male,Scooter,2023-12-27,Surat,3.9,748.0,43.9,False,False,mdy
1717,Vasudha Tiwari,31.0,Male,Bike,2024-04-12,Bengaluru,4.6,451.0,12.3,False,False,fallback
1718,Ryan Pau,26.0,Male,Car,2023-06-18,Guwahati,3.9,352.0,17.2,False,False,fallback
1719,Daniel Bora,24.0,Female,Bike,2023-07-16,Nagpur,4.0,552.0,37.8,False,False,dmy
1720,Jasmit Deep,28.0,Male,Scooter,2021-06-16,Bhubaneswar,4.0,1292.0,43.1,False,False,ymd
1721,Bhavna Kaul,33.0,Female,Car,2022-07-09,Jaipur,3.6,372.0,20.6,True,False,ambiguous_dmy_assumed
1722,Aadi Bera,24.0,Female,Bike,2022-06-14,Guwahati,4.8,395.0,25.0,False,False,dmy
1723,Gauri Goyal,20.0,Male,Bike,2024-02-18,Bhopal,4.7,274.0,39.5,False,False,fallback
1724,Christopher Bhat,19.0,Female,Bike,2023-04-29,Pune,4.1,727.0,40.3,False,False,dmy
1725,Rachana Vasa,26.0,Female,Bike,2024-10-15,Kochi,3.5,1046.0,50.6,False,False,mdy
1726,Jatin Chahal,29.0,Female,Bike,2021-12-28,Bhubaneswar,4.4,601.0,54.9,False,False,ymd
1727,Radhika Ramanathan,21.0,Male,Scooter,2022-07-02,Nagpur,5.0,485.0,31.5,True,False,ambiguous_dmy_assumed
1728,ISAAC SHENOY,24.0,Female,Scooter,2022-08-12,Delhi,4.3,832.0,21.7,False,False,ymd
1729,Jyoti Muni,30.0,Male,Bike,2024-02-29,Kolkata,4.5,784.0,30.8,False,False,ymd
1730,Netra Karpe,31.0,Male,Car,2023-03-21,Ludhiana,4.1,426.0,50.4,False,False,ymd
1731,Jai Ravel,27.0,Male,Bike,2021-08-04,Nagpur,3.8,517.0,32.0,True,False,ambiguous_dmy_assumed
1732,Ishita Borra,28.0,Male,Car,2022-08-31,Ludhiana,3.9,331.0,38.1,False,False,dmy
1733,Nachiket Thakur,18.0,Male,Bicycle,2024-11-15,Bhubaneswar,4.1,993.0,33.8,False,False,dmy
1734,Jackson Sundaram,21.0,Female,Bike,2023-10-02,Lucknow,3.8,646.0,37.6,False,False,fallback
1735,Laban Chaudhuri,25.0,Female,Bike,2022-12-26,Raipur,4.9,739.0,17.8,False,False,fallback
1736,Chaitanya Basak,22.0,Male,Scooter,2024-11-14,Kochi,3.4,350.0,22.1,False,False,fallback
1737,Idika Chaudhry,25.0,Female,Scooter,2024-10-23,Mumbai,4.4,293.0,25.1,False,False,dmy
1738,Panini Tak,31.0,Male,Scooter,2023-07-11,Bengaluru,4.0,948.0,29.7,True,False,ambiguous_dmy_assumed
1739,Urvi Iyengar,37.0,Female,Scooter,2024-02-24,Pune,4.4,279.0,19.1,False,False,mdy
1740,tejas misra,32.0,Female,Bicycle,2022-04-19,Ahmedabad,3.8,362.0,38.6,False,False,dmy
1741,Barkha Manne,32.0,Male,Bike,2024-03-08,Kochi,4.3,463.0,26.4,True,False,ambiguous_dmy_assumed
1742,Harrison Mane,34.0,Male,Bike,2025-01-30,Nagpur,,1290.0,32.3,False,False,ymd
1743,Ishita Agarwal,27.0,Female,Bicycle,2021-12-15,Pune,3.4,509.0,41.0,False,False,dmy
1744,Abeer Aurora,24.0,Male,Bike,2023-11-07,Surat,4.3,583.0,34.8,False,False,ymd
1745,Kamya Ramesh,20.0,Male,Bike,2021-09-21,Hyderabad,3.8,1041.0,38.9,False,False,ymd
1746,Varsha Mangal,33.0,Female,Bicycle,2022-02-28,Pune,4.4,240.0,22.5,False,False,dmy
1747,Azad Khalsa,40.0,Male,Bike,2022-05-10,Chandigarh,3.4,1080.0,28.3,False,False,ymd
1748,Balvan Nadkarni,26.0,Female,Car,2024-06-12,Raipur,4.4,316.0,24.1,True,False,ambiguous_dmy_assumed
1749,Ishwar Edwin,22.0,Male,Bike,2021-09-27,Raipur,4.7,245.0,40.3,False,False,mdy
1750,Veer Ranganathan,26.0,Male,Bike,2023-05-22,Kolkata,4.1,587.0,27.5,False,False,mdy
1751,Azaan Chander,19.0,Male,Bike,2024-02-19,Mumbai,4.1,408.0,40.9,False,False,mdy
1752,Hiral Rajan,31.0,Male,Bike,2021-10-01,Kolkata,4.7,720.0,41.0,False,False,ymd
1753,Wishi Virk,33.0,Male,Bike,2023-05-05,Delhi,4.0,877.0,37.1,True,False,ambiguous_dmy_assumed
1754,Lekha Pant,28.0,Female,Bike,2022-09-12,Kochi,4.3,348.0,34.1,True,False,ambiguous_dmy_assumed
1755,Udarsh Aurora,30.0,Female,Bike,2022-03-12,Chandigarh,4.3,351.0,37.3,False,False,ymd
1756,Yashodhara Barad,21.0,Male,Scooter,2023-09-18,Bengaluru,3.7,412.0,25.8,False,False,ymd
1757,hemang zacharia,41.0,Male,Scooter,2022-01-22,Guwahati,3.9,381.0,29.4,False,False,ymd
1758,Ekta Shroff,25.0,Female,Bicycle,2024-06-03,Patna,3.2,243.0,23.4,True,False,ambiguous_dmy_assumed
1759,Ekalinga Doshi,26.0,Male,Bike,2021-08-18,Visakhapatnam,4.5,384.0,47.1,False,False,dmy
1760,Darika Sunder,21.0,Female,Car,2021-06-07,Patna,4.4,1050.0,31.0,False,False,ymd
1761,Rachit Kibe,36.0,Male,Scooter,2023-03-06,Lucknow,3.9,707.0,,True,False,ambiguous_dmy_assumed
1762,Sanaya Bora,31.0,Female,Bicycle,2023-03-08,Ahmedabad,3.8,330.0,48.6,False,False,ymd
1763,Zaid Dubey,31.0,Male,Scooter,2024-01-14,Patna,3.7,191.0,24.1,False,False,ymd
1764,Ryan Oak,20.0,Male,Bicycle,2022-10-10,Pune,4.9,1282.0,42.8,False,False,ymd
1765,Harsh Pillai,28.0,Male,Car,2022-01-23,Ahmedabad,4.1,406.0,28.3,False,False,mdy
1766,Krishna Bhalla,44.0,Female,Scooter,2022-06-03,Kolkata,3.7,454.0,44.8,True,False,ambiguous_dmy_assumed
1767,Aarush Cherian,25.0,Female,Bike,2021-08-12,Chennai,3.0,700.0,37.3,False,False,ymd
1768,Kamya Loyal,18.0,Female,Car,2023-09-17,Mumbai,3.7,237.0,22.5,False,False,dmy
1769,Urmi Madan,18.0,Male,Bike,2021-06-04,Vadodara,5.0,532.0,37.2,False,False,ymd
1770,Sai Chana,25.0,Female,Scooter,2021-09-12,Chandigarh,4.6,730.0,35.0,False,False,ymd
1771,Nakul Sundaram,27.0,Male,Bike,2021-12-25,Ahmedabad,4.2,495.0,38.2,False,False,dmy
1772,Saanvi Nadkarni,28.0,Female,Bike,2021-11-21,Chennai,3.8,532.0,34.6,False,False,dmy
1773,Dhriti Comar,32.0,Male,Bike,2023-07-06,Jaipur,4.2,488.0,37.3,False,False,fallback
1774,Aradhana Rama,22.0,Male,Scooter,2024-06-22,Ludhiana,3.6,292.0,30.1,False,False,ymd
1775,Balveer Sem,20.0,Female,Bike,2022-03-31,Bhubaneswar,4.2,407.0,38.0,False,False,dmy
1776,Prisha Kaul,25.0,Male,Bike,2022-03-15,Ludhiana,,554.0,47.7,False,False,dmy
1777,zansi chandran,29.0,Male,Bicycle,2022-05-04,Ahmedabad,4.1,664.0,25.1,True,False,ambiguous_dmy_assumed
1778,Saanvi Dubey,20.0,Female,Bike,2021-06-07,Jaipur,4.0,484.0,37.3,True,False,ambiguous_dmy_assumed
1779,Veer Tata,24.0,Male,Bike,2023-02-27,Bengaluru,3.3,510.0,23.0,False,False,ymd
1780,Vedhika Jaggi,24.0,Male,Bike,2023-01-03,Raipur,4.6,514.0,29.7,True,False,ambiguous_dmy_assumed
1781,Tara Raval,18.0,Male,Bike,2021-06-22,Visakhapatnam,3.5,631.0,10.0,False,False,mdy
1782,VAMAKSHI PATEL,24.0,Female,Car,2025-03-01,Bengaluru,3.7,868.0,27.0,True,False,ambiguous_dmy_assumed
1783,Harrison Golla,23.0,Female,Bicycle,2023-01-01,Bhopal,4.2,650.0,26.4,False,False,ymd
1784,Gaurangi Radhakrishnan,18.0,Female,Bike,2023-05-14,Bengaluru,4.0,586.0,23.6,False,False,dmy
1785,Shravya Gopal,26.0,Male,Bike,2023-09-14,Ludhiana,3.9,670.0,37.3,False,False,mdy
1786,Ranveer Chaudhari,20.0,Male,Scooter,2023-12-21,Nagpur,3.7,963.0,38.2,False,False,ymd
1787,Ranveer Gera,34.0,Female,Scooter,2021-06-01,Vadodara,3.8,150.0,15.7,False,False,ymd
1788,Idika Agrawal,31.0,Female,Scooter,2024-11-29,Visakhapatnam,4.1,534.0,32.3,False,False,dmy
1789,Dayamai Prasad,39.0,Female,Car,2024-01-31,Nagpur,4.5,1104.0,27.3,False,False,dmy
1790,Urishilla Sami,26.0,Male,Bike,2023-08-11,Delhi,4.0,385.0,31.2,True,False,ambiguous_dmy_assumed
1791,Michael Varughese,29.0,Male,Bike,2024-01-18,Patna,4.4,884.0,39.6,False,False,fallback
1792,Hemal Wable,26.0,Male,Bicycle,2022-08-27,Pune,4.6,671.0,17.0,False,False,fallback
1793,Isha Hari,33.0,Female,Bike,2023-09-07,Chennai,4.4,626.0,43.3,True,False,ambiguous_dmy_assumed
1794,kai sur,27.0,Female,Bike,2024-11-02,Visakhapatnam,3.0,539.0,30.7,True,False,ambiguous_dmy_assumed
1795,Yochana Saxena,18.0,Male,Bike,2023-05-15,Visakhapatnam,3.8,743.0,38.4,False,False,mdy
1796,Sneha Wable,27.0,Female,Car,2023-02-07,Hyderabad,4.2,603.0,20.3,False,False,fallback
1797,Damini Tandon,22.0,Male,Scooter,2023-01-23,Kochi,4.3,653.0,39.5,False,False,dmy
1798,Nandini Nori,22.0,Female,Bike,2022-05-04,Visakhapatnam,4.1,97.0,35.0,True,False,ambiguous_dmy_assumed
1799,Arunima Taneja,28.0,Male,Bike,2025-02-27,Ludhiana,4.0,793.0,24.0,False,False,mdy
1800,Anita Palla,21.0,Male,Bike,2024-01-03,Lucknow,,1066.0,24.0,False,False,ymd
1801,Yatin Desai,38.0,Male,Bike,2023-10-22,Bhubaneswar,3.4,346.0,36.0,False,False,dmy
1802,Ekalinga Dhar,36.0,Female,Bike,2024-10-29,Patna,4.6,915.0,39.2,False,False,dmy
1803,Hemangini Sandal,29.0,Female,Bike,2023-08-19,Chandigarh,4.1,215.0,27.1,False,False,dmy
1804,Lohit Iyer,33.0,Female,Bike,2024-12-08,Guwahati,3.7,422.0,32.9,True,False,ambiguous_dmy_assumed
1805,Chaman Yadav,28.0,Female,Scooter,2024-03-02,Delhi,3.9,818.0,26.1,True,False,ambiguous_dmy_assumed
1806,Nilima Sathe,42.0,Male,Bike,2022-04-06,Pune,4.5,366.0,39.5,True,False,ambiguous_dmy_assumed
1807,Tejas Jain,35.0,Male,Bike,2022-02-04,Visakhapatnam,3.8,427.0,26.7,False,False,ymd
1808,Nathan Sarkar,18.0,Male,Bike,2024-01-02,Surat,4.1,834.0,38.3,True,False,ambiguous_dmy_assumed
1809,Vasatika Malhotra,24.0,Female,Bike,2023-02-19,Ludhiana,3.7,715.0,28.9,False,False,dmy
1810, Dhruv Menon  ,29.0,Female,Bike,2022-02-14,Jaipur,3.8,850.0,18.7,False,False,dmy
1811,Shaurya Ben,26.0,Male,Scooter,2023-02-07,Lucknow,3.2,463.0,43.9,True,False,ambiguous_dmy_assumed
1812,Advika Ramanathan,32.0,Female,Bike,2021-10-24,Raipur,4.5,739.0,40.4,False,False,mdy
1813,Vedika Bath,20.0,Female,Scooter,2022-08-30,Kolkata,4.5,607.0,39.1,False,False,dmy
1814,Wyatt Kannan,28.0,Male,Scooter,2024-12-24,Kolkata,4.0,791.0,16.3,False,False,fallback
1815,Vasana Mohan,26.0,Male,Bike,2022-07-28,Guwahati,4.4,325.0,42.7,False,False,ymd
1816,Ishwar Varghese,30.0,Female,Bike,2021-10-22,Pune,4.4,818.0,42.8,False,False,dmy
1817,Adya Chawla,18.0,Male,Car,2023-03-13,Ludhiana,4.2,1244.0,26.1,False,False,fallback
1818,Gauri Luthra,30.0,Male,Bicycle,2023-09-11,Coimbatore,,261.0,43.1,True,False,ambiguous_dmy_assumed
1819,Lavanya Mahal,30.0,Male,Bike,2023-08-07,Visakhapatnam,4.3,1035.0,34.7,True,False,ambiguous_dmy_assumed
1820,Vasana Sane,18.0,Male,Scooter,2024-06-24,Guwahati,3.9,1359.0,27.6,False,False,ymd
1821,Lila Dass,21.0,Female,Bike,2023-06-03,Raipur,4.3,229.0,28.5,True,False,ambiguous_dmy_assumed
1822,Reva Kaur,25.0,Female,Car,2022-12-26,Coimbatore,3.9,730.0,32.9,False,False,dmy
1823,Hemal Tank,33.0,Female,Scooter,2023-11-23,Kochi,4.1,249.0,46.2,False,False,ymd
1824,Girish Mahajan,28.0,Female,Bike,2024-11-10,Indore,4.1,373.0,26.9,False,False,ymd
1825,Aarnav Patil,31.0,Female,Bike,2023-11-06,Surat,3.9,442.0,36.4,True,False,ambiguous_dmy_assumed
1826,Niharika Kuruvilla,28.0,Male,Bike,2024-01-24,Delhi,3.8,346.0,21.2,False,False,ymd
1827,Michael Ravel,21.0,Male,Car,2025-02-07,Kochi,4.8,1020.0,36.8,True,False,ambiguous_dmy_assumed
1828,Shivani Rama,18.0,Male,Bike,2023-10-25,Bhubaneswar,4.3,1125.0,30.9,False,False,fallback
1829,Rushil Naidu,31.0,Male,Bike,2023-09-19,Bengaluru,3.9,463.0,15.4,False,False,dmy
1830,Anirudh Bava,24.0,Female,Bike,2021-12-23,Ludhiana,3.9,558.0,38.7,False,False,ymd
1831,Vaishnavi Kapadia,25.0,Male,Scooter,2022-09-24,Lucknow,4.3,468.0,56.5,False,False,dmy
1832,Priya Patel,31.0,Female,Bike,2022-03-27,Nashik,4.7,594.0,34.3,False,False,fallback
1833,Bina Lalla,23.0,Male,Car,2024-04-03,Vadodara,4.1,692.0,26.2,True,False,ambiguous_dmy_assumed
1834,Warhi Grewal,29.0,Female,Scooter,2025-02-13,Raipur,3.6,204.0,20.9,False,False,ymd
1835,Nimrat Mukherjee,29.0,Male,Bike,2022-06-24,Nagpur,4.1,521.0,13.3,False,False,dmy
1836,JAI TAILOR,23.0,Male,Bike,2023-12-12,Hyderabad,3.8,1058.0,17.7,True,False,ambiguous_dmy_assumed
1837,Advik Gola,27.0,Male,Bike,2023-10-02,Ahmedabad,4.0,317.0,44.6,False,False,ymd
1838,ODIKA BASU,27.0,Male,Bicycle,2023-11-26,Surat,4.2,742.0,29.4,False,False,ymd
1839,Eshana Nori,28.0,Male,Bike,2021-10-29,Bhopal,4.4,524.0,29.7,False,False,ymd
1840,Harshil Nigam,24.0,Female,Bicycle,2022-07-28,Nagpur,4.7,666.0,39.6,False,False,dmy
1841,Raghav Iyengar,29.0,Male,Bike,2022-04-01,Pune,4.4,1488.0,36.9,True,False,ambiguous_dmy_assumed
1842,Yashasvi Bala,39.0,Male,Scooter,2023-01-08,Guwahati,4.2,1005.0,36.9,True,False,ambiguous_dmy_assumed
1843,Sudiksha Ramesh,22.0,Female,Bike,2022-10-22,Coimbatore,5.0,389.0,41.7,False,False,dmy
1844,Adya Sarma,19.0,Male,Car,2021-11-08,Kochi,4.1,644.0,49.4,True,False,ambiguous_dmy_assumed
1845,Pavani Sachdev,19.0,Male,Bicycle,2023-04-16,Bengaluru,4.2,251.0,21.7,False,False,mdy
1846,Elijah Butala,23.0,Female,Bike,2024-08-31,Nagpur,4.2,514.0,35.9,False,False,ymd
1847,Mitesh Pai,28.0,Female,Bike,2024-02-22,Pune,4.5,420.0,50.5,False,False,dmy
1848,SAMAR MUKHOPADHYAY,24.0,Female,Scooter,2024-01-20,Bhopal,4.4,786.0,32.4,False,False,dmy
1849,Chaitaly Hayre,26.0,Male,Bike,2022-09-05,Ludhiana,4.3,524.0,25.0,False,False,fallback
1850,Saksham Kanda,38.0,Male,Bike,2022-01-08,Raipur,3.6,238.0,33.3,True,False,ambiguous_dmy_assumed
1851,Dayamai Bhasin,27.0,Female,Bike,2022-06-24,Bhopal,4.4,856.0,26.2,False,False,dmy
1852,Maya Thaker,29.0,Male,Bike,2023-10-05,Guwahati,4.3,709.0,25.7,False,False,fallback
1853,Dalaja Rajagopal,34.0,Female,Bike,2021-10-10,Kolkata,4.7,1012.0,43.5,True,False,ambiguous_dmy_assumed
1854,Andrew Luthra,24.0,Male,Bike,2021-10-04,Bhopal,4.9,518.0,11.3,False,False,ymd
1855,Yatan Kurian,24.0,Male,Bike,2022-01-09,Patna,4.1,1497.0,42.8,True,False,ambiguous_dmy_assumed
1856,Dayamai Kurian,30.0,Male,Bike,2021-10-18,Kolkata,3.6,829.0,41.2,False,False,mdy
1857,Yashawini Pandey,34.0,Male,Scooter,2022-02-06,Vadodara,4.1,545.0,15.4,True,False,ambiguous_dmy_assumed
1858,Avi Buch,24.0,Female,Bike,2024-04-26,Chandigarh,3.9,1124.0,29.6,False,False,ymd
1859,Jackson Sarma,26.0,Male,Bike,2024-01-07,Coimbatore,3.7,521.0,54.1,True,False,ambiguous_dmy_assumed
1860,Zehaan Chaudhry,37.0,Female,Bike,2023-12-30,Hyderabad,4.2,1318.0,24.9,False,False,dmy
1861,Karan Rao,23.0,Female,Bike,2021-11-03,Hyderabad,4.2,366.0,19.7,False,False,fallback
1862,Amol Dugar,31.0,Male,Bike,2024-12-10,Indore,4.0,663.0,42.5,False,False,fallback
1863,Laban Radhakrishnan,24.0,Male,Scooter,2025-01-11,Mumbai,3.9,327.0,43.9,False,False,fallback
1864,Elijah Shenoy,19.0,Female,Bike,2022-06-18,Vadodara,3.8,818.0,39.9,False,False,mdy
1865,Upkaar Bhavsar,22.0,Female,Scooter,2024-02-14,Patna,3.9,555.0,25.9,False,False,dmy
1866,Rishi Sangha,33.0,Female,Scooter,2022-11-28,Visakhapatnam,4.4,592.0,17.6,False,False,mdy
1867,Yashodhara Bal,27.0,Male,Bike,2023-02-23,Hyderabad,4.2,270.0,42.7,False,False,ymd
1868,Barkha Chandran,32.0,Male,Bike,2024-12-07,Ahmedabad,3.5,397.0,39.4,False,False,ymd
1869,Jeremiah Maharaj,24.0,Male,Bike,2023-05-15,Patna,4.4,174.0,,False,False,dmy
1870,Yoshita Gala,28.0,Male,Scooter,2024-11-22,Raipur,4.7,973.0,36.1,False,False,dmy
1871,Kavya Garde,30.0,Female,Bike,2021-07-25,Nashik,4.5,414.0,34.0,False,False,dmy
1872,Matthew Prabhu,24.0,Female,Bike,2021-12-19,Bhubaneswar,4.0,426.0,33.7,False,False,dmy
1873,Chavvi Puri,28.0,Female,Bicycle,2024-11-18,Vadodara,4.2,170.0,33.7,False,False,ymd
1874,Niharika Khalsa,21.0,Male,Scooter,2022-09-29,Visakhapatnam,4.0,629.0,31.3,False,False,mdy
1875,Tejas Gaba,40.0,Female,Bike,2022-05-21,Nashik,4.1,509.0,40.0,False,False,ymd
1876,Rachit Oza,25.0,Female,Bike,2021-08-07,Guwahati,4.0,779.0,51.4,False,False,ymd
1877,Akshay Sastry,25.0,Female,Car,2022-06-12,Lucknow,4.1,661.0,41.9,False,False,fallback
1878,Saksham Narayan,19.0,Female,Bike,2024-01-18,Pune,4.7,660.0,10.8,False,False,fallback
1879,Bakhshi Solanki,20.0,Female,Bike,2022-09-24,Indore,4.1,636.0,28.8,False,False,ymd
1880,Harish Gera,23.0,Female,Scooter,2022-08-14,Nashik,5.0,686.0,25.7,False,False,ymd
1881,Eta Palla,38.0,Female,Scooter,2023-07-09,Bhubaneswar,4.3,1178.0,29.8,False,False,ymd
1882,Falak Sharaf,34.0,Female,Bike,2023-01-28,Bhopal,4.3,1019.0,29.5,False,False,dmy
1883,Chasmum Jayaraman,26.0,Male,Bicycle,2024-06-27,Hyderabad,4.1,256.0,30.4,False,False,mdy
1884,Oeshi Roy,32.0,Male,Bike,2022-02-06,Hyderabad,4.2,825.0,22.8,True,False,ambiguous_dmy_assumed
1885,Victor Rai,28.0,Female,Car,2024-06-19,Kolkata,4.7,820.0,39.1,False,False,dmy
1886,Manbir Hora,24.0,Female,Bike,2021-07-11,Hyderabad,4.2,328.0,17.9,True,False,ambiguous_dmy_assumed
1887,Zaid Pingle,18.0,Male,Bike,2021-11-09,Lucknow,3.8,239.0,26.1,True,False,ambiguous_dmy_assumed
1888,Zansi Lad,26.0,Female,Bike,2023-03-25,Ahmedabad,4.4,504.0,20.5,False,False,dmy
1889,Sanya Comar,37.0,Male,Bike,2024-10-10,Kolkata,4.6,167.0,39.1,True,False,ambiguous_dmy_assumed
1890,Vasatika Mandal,31.0,Female,Car,2021-07-20,Kochi,3.8,889.0,26.3,False,False,ymd
1891,Yagnesh Mukherjee,29.0,Male,Bike,2024-10-30,Ludhiana,4.1,649.0,38.1,False,False,ymd
1892,Oscar Bhandari,27.0,Female,Scooter,2021-09-06,Kochi,3.6,284.0,31.9,False,False,fallback
1893,Zinal Ganesan,34.0,Male,Bike,2022-06-18,Mumbai,4.0,984.0,34.5,False,False,fallback
1894,Veer Srinivas,18.0,Female,Scooter,2022-08-16,Bhopal,4.3,456.0,40.5,False,False,dmy
1895,Radha Gulati,25.0,Female,Car,2022-02-26,Kochi,4.5,333.0,37.7,False,False,dmy
1896,Shravya Sampath,44.0,Male,Scooter,2024-03-17,Indore,4.9,1187.0,24.8,False,False,mdy
1897,Nimrat Kadakia,18.0,Male,Bike,2025-05-01,Vadodara,3.9,763.0,32.2,True,False,ambiguous_dmy_assumed
1898,Victor Pathak,27.0,Female,Bike,2024-07-17,Chandigarh,5.0,316.0,26.5,False,False,ymd
1899,Lakshmi Mitra,31.0,Female,Bike,2022-11-25,Vadodara,4.4,204.0,39.1,False,False,ymd
1900,Dev Kalita,32.0,Female,Scooter,2023-04-13,Ludhiana,4.7,819.0,17.8,False,False,ymd
1901,Aarna Parmer,31.0,Male,Bike,2022-10-19,Hyderabad,3.7,305.0,28.2,False,False,ymd
1902,Anay Ben,22.0,Female,Bike,2024-10-19,Raipur,4.1,650.0,35.0,False,False,fallback
1903,Zansi Ramesh,25.0,Female,Bike,2025-03-23,Patna,3.8,96.0,29.7,False,False,dmy
1904,Dhriti Wason,26.0,Female,Bike,2021-09-09,Kochi,4.5,795.0,42.4,False,False,ymd
1905,Anya Batta,24.0,Male,Scooter,2022-12-26,Visakhapatnam,4.0,1269.0,12.0,False,False,dmy
1906,Henry Nadkarni,18.0,Female,Scooter,2024-02-25,Ludhiana,4.1,231.0,29.8,False,False,ymd
1907,Aayush Natt,31.0,Female,Bike,2025-03-14,Chandigarh,4.2,218.0,52.1,False,False,fallback
1908,Samaksh Sandhu,31.0,Female,Bike,2023-07-12,Guwahati,4.4,944.0,22.0,True,False,ambiguous_dmy_assumed
1909,Ishita Sanghvi,32.0,Male,Bike,2023-10-01,Bhubaneswar,4.3,726.0,38.1,False,False,ymd
1910,Ati Madan,21.0,Male,Bike,2023-05-14,Vadodara,5.0,444.0,34.5,False,False,dmy
1911,Varenya Menon,33.0,Male,Bike,2023-08-21,Indore,3.9,423.0,24.2,False,False,fallback
1912,Harita Varty,18.0,Male,Scooter,2022-10-09,Chandigarh,4.6,740.0,33.3,False,False,fallback
1913,Onkar Chad,28.0,Male,Scooter,2024-05-31,Ludhiana,3.9,580.0,43.6,False,False,mdy
1914,Indira Mutti,24.0,Female,Bike,2025-01-18,Lucknow,4.2,354.0,34.0,False,False,ymd
1915,Farhan Batra,19.0,Male,Scooter,2022-08-29,Pune,3.4,1686.0,27.7,False,False,ymd
1916,Bhavika Johal,32.0,Male,Bike,2024-07-05,Chandigarh,4.2,625.0,29.6,True,False,ambiguous_dmy_assumed
1917,Theodore Seth,25.0,Female,Scooter,2023-04-14,Kolkata,4.0,813.0,47.1,False,False,ymd
1918,Jagat Dhawan,23.0,Male,Bike,2022-01-12,Lucknow,4.3,280.0,39.8,True,False,ambiguous_dmy_assumed
1919,Leela Walia,21.0,Female,Bike,2022-07-13,Patna,4.3,797.0,45.5,False,False,ymd
1920,Fiyaz Deep,21.0,Female,Bike,2023-01-27,Coimbatore,4.3,1260.0,27.9,False,False,dmy
1921,Elijah Varty,38.0,Female,Bike,2022-12-11,Bhopal,4.9,1335.0,26.6,False,False,ymd
1922,Anvi Rout,36.0,Male,Bike,2024-07-06,Bengaluru,3.9,866.0,25.7,True,False,ambiguous_dmy_assumed
1923,Jagvi Das,26.0,Female,Bike,2021-09-25,Coimbatore,3.6,557.0,19.7,False,False,fallback
1924,Umang Sule,18.0,Male,Bicycle,2023-09-26,Mumbai,4.8,467.0,21.9,False,False,dmy
1925,Elijah Khosla,41.0,Female,Scooter,2023-04-26,Chandigarh,4.5,533.0,29.2,False,False,fallback
1926,Mekhala Bobal,22.0,Male,Car,2025-02-08,Indore,4.3,485.0,19.8,False,False,ymd
1927,Pooja Taneja,29.0,Female,Bike,2023-02-20,Nagpur,4.1,445.0,31.8,False,False,ymd
1928,Bhanumati Nagi,30.0,Male,Bike,2021-12-19,Ludhiana,4.3,530.0,36.3,False,False,dmy
1929,Fitan Sarma,33.0,Male,Bike,2024-10-27,Jaipur,4.2,531.0,36.7,False,False,dmy
1930,Chakrika Lalla,26.0,Male,Bike,2021-12-30,Chandigarh,4.9,510.0,28.2,False,False,dmy
1931,Abhiram Sachdev,18.0,Female,Car,2021-12-01,Mumbai,4.3,613.0,35.0,False,False,ymd
1932,Yatin Taneja,27.0,Female,Bike,2024-10-06,Indore,4.5,593.0,35.4,True,False,ambiguous_dmy_assumed
1933,Daksha Seshadri,25.0,Male,Bike,2024-04-22,Chennai,3.7,258.0,33.1,False,False,ymd
1934,Gabriel Varghese,30.0,Male,Car,2023-02-03,Pune,4.9,310.0,13.3,False,False,ymd
1935,Saumya Arora,35.0,Male,Bike,2024-01-06,Chennai,3.6,508.0,27.5,True,False,ambiguous_dmy_assumed
1936,Yochana Natarajan,26.0,Male,Scooter,2024-07-30,Delhi,4.6,1262.0,35.2,False,False,ymd
1937,VEDANT DASH,27.0,Male,Bike,2022-04-10,Bhubaneswar,4.8,912.0,14.0,True,False,ambiguous_dmy_assumed
1938,Tara Minhas,24.0,Male,Scooter,2021-11-19,Delhi,4.3,294.0,18.6,False,False,dmy
1939,Jai Barad,24.0,Female,Scooter,2024-09-04,Visakhapatnam,4.7,558.0,17.5,True,False,ambiguous_dmy_assumed
1940,Pratyush Sur,34.0,Female,Bike,2023-04-08,Raipur,3.5,728.0,29.0,True,False,ambiguous_dmy_assumed
1941,Vivaan Narang,29.0,Female,Bike,2024-02-11,Raipur,3.6,850.0,41.1,False,False,ymd
1942,Neelima Srinivas,26.0,Male,Bike,2022-11-25,Patna,3.8,826.0,25.9,False,False,fallback
1943,Ria More,25.0,Female,Bike,2021-11-13,Chandigarh,4.7,234.0,40.6,False,False,ymd
1944,Rachita Goswami,20.0,Male,Bike,2025-03-25,Chennai,4.2,1116.0,41.4,False,False,mdy
1945,Kabir Modi,34.0,Female,Bicycle,2023-02-14,Patna,3.1,211.0,34.1,False,False,mdy
1946,Laksh Kapoor,26.0,Female,Scooter,2024-12-26,Patna,4.3,621.0,24.9,False,False,ymd
1947,Yashvi Yohannan,18.0,Male,Scooter,2022-10-28,Patna,4.8,844.0,27.6,False,False,fallback
1948,Rajeshri Saini,32.0,Male,Bike,2021-10-05,Ahmedabad,4.5,593.0,17.9,False,False,fallback
1949,Agastya Barad,31.0,Male,Bike,2023-05-25,Delhi,3.3,681.0,21.9,False,False,dmy
1950,Dakshesh Tata,29.0,Male,Scooter,2021-07-04,Lucknow,4.4,515.0,41.5,True,False,ambiguous_dmy_assumed
1951,Charita Luthra,26.0,Male,Bike,2023-11-21,Kolkata,3.5,144.0,48.4,False,False,mdy
1952,Upasna Chaudry,27.0,Female,Scooter,2022-02-11,Chandigarh,4.6,356.0,28.1,True,False,ambiguous_dmy_assumed
1953,Nachiket Sinha,22.0,Male,Car,2022-11-17,Chennai,4.6,1120.0,17.8,False,False,ymd
1954,Ekiya Yohannan,32.0,Female,Bike,2023-07-21,Guwahati,4.0,1261.0,34.8,False,False,dmy
1955,Tanveer Banik,30.0,Female,Bicycle,2021-10-23,Jaipur,4.5,687.0,42.1,False,False,ymd
1956,Simon Sheth,22.0,Female,Scooter,2022-08-20,Guwahati,4.3,889.0,20.5,False,False,ymd
1957,Chameli Gill,29.0,Male,Bike,2022-07-21,Hyderabad,,852.0,31.5,False,False,mdy
1958,Dev Nadig,22.0,Male,Bike,2023-09-19,Patna,4.4,789.0,26.9,False,False,ymd
1959,Jack Sahota,23.0,Male,Bike,2021-12-25,Mumbai,4.4,273.0,20.9,False,False,dmy
1960,Jairaj Tandon,28.0,Male,Bicycle,2024-01-01,Coimbatore,4.3,590.0,28.8,False,False,fallback
1961,William Saini,32.0,Male,Bicycle,2024-02-10,Surat,3.9,343.0,30.4,False,False,ymd
1962,Oeshi Suresh,26.0,Male,Bike,2023-12-02,Bhubaneswar,4.2,367.0,58.4,False,False,fallback
1963,Mugdha Raval,29.0,Male,Scooter,2024-09-23,Guwahati,4.6,295.0,31.4,False,False,dmy
1964,Chaman Narain,29.0,Male,Bike,2021-06-17,Pune,4.2,530.0,35.4,False,False,fallback
1965,Urmi Chaudhry,19.0,Female,Bike,2021-09-12,Lucknow,4.1,479.0,34.1,True,False,ambiguous_dmy_assumed
1966,Indira Sethi,31.0,Female,Bicycle,2021-12-10,Chandigarh,4.5,390.0,37.6,True,False,ambiguous_dmy_assumed
1967,Charles Nanda,37.0,Male,Scooter,2022-06-17,Kolkata,3.8,1083.0,36.7,False,False,ymd
1968,Luke Dara,25.0,Female,Bike,2023-06-09,Mumbai,4.6,130.0,30.5,False,False,ymd
1969,Hema Srinivasan,28.0,Female,Bike,2025-01-23,Chennai,4.7,1607.0,51.6,False,False,ymd
1970,Turvi Ratti,33.0,Female,Bike,2025-02-02,Guwahati,4.4,219.0,41.2,True,False,ambiguous_dmy_assumed
1971,Damini Lanka,26.0,Female,Bicycle,2021-04-07,Lucknow,3.9,723.0,39.4,True,False,ambiguous_dmy_assumed
1972,Ekalinga Sharma,37.0,Female,Bike,2024-05-18,Raipur,3.7,562.0,45.1,False,False,mdy
1973,Nachiket Anand,26.0,Male,Scooter,2024-04-20,Chandigarh,4.0,452.0,,False,False,ymd
1974,Karan Boase,26.0,Male,Bike,2024-07-28,Indore,3.8,252.0,36.3,False,False,ymd
1975,Ekaraj Baria,28.0,Male,Car,2022-09-09,Kolkata,4.0,703.0,57.4,False,False,ymd
1976,Rayaan Palla,36.0,Female,Bike,2024-04-10,Chennai,4.2,1022.0,26.3,False,False,fallback
1977,Azaan Nadkarni,27.0,Male,Bike,2024-05-22,Guwahati,4.6,759.0,44.7,False,False,ymd
1978,arin bahri,29.0,Female,Bicycle,2023-11-23,Kochi,4.2,1047.0,38.8,False,False,dmy
1979,Alka Sachar,29.0,Female,Scooter,2021-06-25,Raipur,4.5,753.0,35.5,False,False,ymd
1980,Garima Lad,29.0,Male,Bike,2024-12-31,Kochi,3.8,689.0,27.8,False,False,ymd
1981,Devansh Dar,27.0,Male,Scooter,2024-08-29,Delhi,3.8,775.0,31.8,False,False,ymd
1982,Tristan Parikh,32.0,Female,Bicycle,2023-04-20,Raipur,4.0,635.0,30.6,False,False,dmy
1983,Adweta Hari,30.0,Male,Bike,2024-01-20,Delhi,4.6,574.0,16.3,False,False,dmy
1984,Nachiket Sanghvi,29.0,Female,Scooter,2023-03-04,Bhubaneswar,4.5,1572.0,28.6,True,False,ambiguous_dmy_assumed
1985,Gaurangi Ganesh,26.0,Male,Bike,2024-01-12,Vadodara,4.3,126.0,41.4,True,False,ambiguous_dmy_assumed
1986,Libni Goel,19.0,Male,Bike,2024-06-22,Surat,3.7,565.0,20.2,False,False,dmy
1987,Tristan Walia,22.0,Female,Bike,2023-12-31,Indore,3.9,269.0,38.8,False,False,ymd
1988,upkaar goyal,32.0,Male,Bicycle,2023-07-23,Chandigarh,4.3,730.0,28.3,False,False,dmy
1989,Ekbal Luthra,18.0,Male,Car,2023-11-05,Lucknow,4.0,455.0,18.0,True,False,ambiguous_dmy_assumed
1990,Ekbal Desai,19.0,Male,Bike,2022-04-25,Patna,4.9,772.0,26.4,False,False,mdy
1991,Ishaan Balay,40.0,Male,Bicycle,2022-07-01,Indore,4.3,374.0,21.3,False,False,ymd
1992,Wazir Dewan,33.0,Male,Bike,2024-01-15,Delhi,4.4,265.0,28.7,False,False,ymd
1993,Kabir Barman,32.0,Female,Bike,2022-01-26,Hyderabad,3.9,1020.0,25.5,False,False,ymd
1994, Warjas Chand  ,33.0,Male,Scooter,2023-01-18,Delhi,4.6,715.0,36.8,False,False,dmy
1995,Libni Balan,23.0,Female,Bike,2024-02-28,Patna,4.9,242.0,29.1,False,False,dmy
1996,Chaaya Narang,26.0,Female,Car,2024-05-25,Hyderabad,4.1,1016.0,36.3,False,False,ymd
1997,Faqid Mannan,31.0,Female,Car,2021-08-29,Raipur,4.9,671.0,18.7,False,False,ymd
1998,Krisha Ghose,28.0,Female,Scooter,2022-04-22,Raipur,3.8,649.0,26.0,False,False,ymd
1999,Ishani Shetty,27.0,Male,Bike,2021-11-11,Guwahati,3.9,854.0,37.7,False,False,fallback
2000,Max Kapur,29.0,Female,Car,2023-08-24,Jaipur,4.2,766.0,11.4,False,False,fallback
